assay_chembl_id	assay_description	assay_organism	assay_tax_id	assay_type	bao_format	confidence_score	doc_chembl_id	pubmed_id	doi	journal	year	volume	first_page	last_page	doc_title	activity_id	standard_type	standard_relation	standard_value	standard_units	raw_type	raw_value	raw_units	activity_comment	data_validity_comment	potential_duplicate	molecule_chembl_id	compound_name	max_phase	molecule_type	structure_type	compound_key	canonical_smiles	standard_inchi	standard_inchi_key
CHEMBL1798466	Unbound brain to plasma concentration ratio in Sprague-Dawley rat administered in casettes of 2/3 drugs at 4 hr constant rate intravenous infusions using flow rate of 1 (ml/kg)/hr corresponding to dosage rate of 2 (umol/kg)/hr	Rattus norvegicus	10116	A	BAO_0000366	0	CHEMBL1795238	19764786	10.1021/jm901036q	J Med Chem	2009	52	6233	6243	Structure-brain exposure relationships in rat and human using a novel data set of unbound drug concentrations in brain interstitial and cerebrospinal fluids.	6262338	K(p,uu,brain)	=	0.38		K(p,uu,brain)	0.38				0	CHEMBL266195	ALPRENOLOL	2.0	Small molecule	MOL	alprenolol	C=CCc1ccccc1OCC(O)CNC(C)C	InChI=1S/C15H23NO2/c1-4-7-13-8-5-6-9-15(13)18-11-14(17)10-16-12(2)3/h4-6,8-9,12,14,16-17H,1,7,10-11H2,2-3H3	PAZJSJFMUHDSTF-UHFFFAOYSA-N
CHEMBL1798466	Unbound brain to plasma concentration ratio in Sprague-Dawley rat administered in casettes of 2/3 drugs at 4 hr constant rate intravenous infusions using flow rate of 1 (ml/kg)/hr corresponding to dosage rate of 2 (umol/kg)/hr	Rattus norvegicus	10116	A	BAO_0000366	0	CHEMBL1795238	19764786	10.1021/jm901036q	J Med Chem	2009	52	6233	6243	Structure-brain exposure relationships in rat and human using a novel data set of unbound drug concentrations in brain interstitial and cerebrospinal fluids.	6262339	K(p,uu,brain)	=	0.73		K(p,uu,brain)	0.73				0	CHEMBL629	AMITRIPTYLINE	4.0	Small molecule	MOL	amitriptyline	CN(C)CCC=C1c2ccccc2CCc2ccccc21	InChI=1S/C20H23N/c1-21(2)15-7-12-20-18-10-5-3-8-16(18)13-14-17-9-4-6-11-19(17)20/h3-6,8-12H,7,13-15H2,1-2H3	KRMDCWKBEZIMAB-UHFFFAOYSA-N
CHEMBL1798466	Unbound brain to plasma concentration ratio in Sprague-Dawley rat administered in casettes of 2/3 drugs at 4 hr constant rate intravenous infusions using flow rate of 1 (ml/kg)/hr corresponding to dosage rate of 2 (umol/kg)/hr	Rattus norvegicus	10116	A	BAO_0000366	0	CHEMBL1795238	19764786	10.1021/jm901036q	J Med Chem	2009	52	6233	6243	Structure-brain exposure relationships in rat and human using a novel data set of unbound drug concentrations in brain interstitial and cerebrospinal fluids.	6262340	K(p,uu,brain)	=	0.026		K(p,uu,brain)	0.026				0	CHEMBL24	ATENOLOL	4.0	Small molecule	MOL	atenolol	CC(C)NCC(O)COc1ccc(CC(N)=O)cc1	InChI=1S/C14H22N2O3/c1-10(2)16-8-12(17)9-19-13-5-3-11(4-6-13)7-14(15)18/h3-6,10,12,16-17H,7-9H2,1-2H3,(H2,15,18)	METKIMKYRPQLGS-UHFFFAOYSA-N
CHEMBL1798466	Unbound brain to plasma concentration ratio in Sprague-Dawley rat administered in casettes of 2/3 drugs at 4 hr constant rate intravenous infusions using flow rate of 1 (ml/kg)/hr corresponding to dosage rate of 2 (umol/kg)/hr	Rattus norvegicus	10116	A	BAO_0000366	0	CHEMBL1795238	19764786	10.1021/jm901036q	J Med Chem	2009	52	6233	6243	Structure-brain exposure relationships in rat and human using a novel data set of unbound drug concentrations in brain interstitial and cerebrospinal fluids.	6262341	K(p,uu,brain)	=	0.02		K(p,uu,brain)	0.02				0	CHEMBL701	BACLOFEN	4.0	Small molecule	MOL	baclofen	NCC(CC(=O)O)c1ccc(Cl)cc1	InChI=1S/C10H12ClNO2/c11-9-3-1-7(2-4-9)8(6-12)5-10(13)14/h1-4,8H,5-6,12H2,(H,13,14)	KPYSYYIEGFHWSV-UHFFFAOYSA-N
CHEMBL1798466	Unbound brain to plasma concentration ratio in Sprague-Dawley rat administered in casettes of 2/3 drugs at 4 hr constant rate intravenous infusions using flow rate of 1 (ml/kg)/hr corresponding to dosage rate of 2 (umol/kg)/hr	Rattus norvegicus	10116	A	BAO_0000366	0	CHEMBL1795238	19764786	10.1021/jm901036q	J Med Chem	2009	52	6233	6243	Structure-brain exposure relationships in rat and human using a novel data set of unbound drug concentrations in brain interstitial and cerebrospinal fluids.	6262342	K(p,uu,brain)	=	2.0		K(p,uu,brain)	2.0				0	CHEMBL894	BUPROPION	4.0	Small molecule	MOL	bupropion	CC(NC(C)(C)C)C(=O)c1cccc(Cl)c1	InChI=1S/C13H18ClNO/c1-9(15-13(2,3)4)12(16)10-6-5-7-11(14)8-10/h5-9,15H,1-4H3	SNPPWIUOZRMYNY-UHFFFAOYSA-N
CHEMBL1798466	Unbound brain to plasma concentration ratio in Sprague-Dawley rat administered in casettes of 2/3 drugs at 4 hr constant rate intravenous infusions using flow rate of 1 (ml/kg)/hr corresponding to dosage rate of 2 (umol/kg)/hr	Rattus norvegicus	10116	A	BAO_0000366	0	CHEMBL1795238	19764786	10.1021/jm901036q	J Med Chem	2009	52	6233	6243	Structure-brain exposure relationships in rat and human using a novel data set of unbound drug concentrations in brain interstitial and cerebrospinal fluids.	6262343	K(p,uu,brain)				K(p,uu,brain)			ND(Unstable)		0	CHEMBL1730	CEFOTAXIME	4.0	Small molecule	MOL	cefotaxime	CO/N=C(\C(=O)N[C@@H]1C(=O)N2C(C(=O)O)=C(COC(C)=O)CS[C@H]12)c1csc(N)n1	InChI=1S/C16H17N5O7S2/c1-6(22)28-3-7-4-29-14-10(13(24)21(14)11(7)15(25)26)19-12(23)9(20-27-2)8-5-30-16(17)18-8/h5,10,14H,3-4H2,1-2H3,(H2,17,18)(H,19,23)(H,25,26)/b20-9-/t10-,14-/m1/s1	GPRBEKHLDVQUJE-QSWIMTSFSA-N
CHEMBL1798466	Unbound brain to plasma concentration ratio in Sprague-Dawley rat administered in casettes of 2/3 drugs at 4 hr constant rate intravenous infusions using flow rate of 1 (ml/kg)/hr corresponding to dosage rate of 2 (umol/kg)/hr	Rattus norvegicus	10116	A	BAO_0000366	0	CHEMBL1795238	19764786	10.1021/jm901036q	J Med Chem	2009	52	6233	6243	Structure-brain exposure relationships in rat and human using a novel data set of unbound drug concentrations in brain interstitial and cerebrospinal fluids.	6262344	K(p,uu,brain)	=	0.89		K(p,uu,brain)	0.89				0	CHEMBL485	CODEINE	4.0	Small molecule	MOL	codeine	COc1ccc2c3c1O[C@H]1[C@@H](O)C=C[C@H]4[C@@H](C2)N(C)CC[C@@]341	InChI=1S/C18H21NO3/c1-19-8-7-18-11-4-5-13(20)17(18)22-16-14(21-2)6-3-10(15(16)18)9-12(11)19/h3-6,11-13,17,20H,7-9H2,1-2H3/t11-,12+,13-,17-,18-/m0/s1	OROGSEYTTFOCAN-DNJOTXNNSA-N
CHEMBL1798466	Unbound brain to plasma concentration ratio in Sprague-Dawley rat administered in casettes of 2/3 drugs at 4 hr constant rate intravenous infusions using flow rate of 1 (ml/kg)/hr corresponding to dosage rate of 2 (umol/kg)/hr	Rattus norvegicus	10116	A	BAO_0000366	0	CHEMBL1795238	19764786	10.1021/jm901036q	J Med Chem	2009	52	6233	6243	Structure-brain exposure relationships in rat and human using a novel data set of unbound drug concentrations in brain interstitial and cerebrospinal fluids.	6262345	K(p,uu,brain)	=	0.043		K(p,uu,brain)	0.043				0	CHEMBL593	DELAVIRDINE	4.0	Small molecule	MOL	delavirdine	CC(C)Nc1cccnc1N1CCN(C(=O)c2cc3cc(NS(C)(=O)=O)ccc3[nH]2)CC1	InChI=1S/C22H28N6O3S/c1-15(2)24-19-5-4-8-23-21(19)27-9-11-28(12-10-27)22(29)20-14-16-13-17(26-32(3,30)31)6-7-18(16)25-20/h4-8,13-15,24-26H,9-12H2,1-3H3	WHBIGIKBNXZKFE-UHFFFAOYSA-N
CHEMBL1798466	Unbound brain to plasma concentration ratio in Sprague-Dawley rat administered in casettes of 2/3 drugs at 4 hr constant rate intravenous infusions using flow rate of 1 (ml/kg)/hr corresponding to dosage rate of 2 (umol/kg)/hr	Rattus norvegicus	10116	A	BAO_0000366	0	CHEMBL1795238	19764786	10.1021/jm901036q	J Med Chem	2009	52	6233	6243	Structure-brain exposure relationships in rat and human using a novel data set of unbound drug concentrations in brain interstitial and cerebrospinal fluids.	6262346	K(p,uu,brain)	=	1.07		K(p,uu,brain)	1.07				0	CHEMBL12	DIAZEPAM	4.0	Small molecule	MOL	diazepam	CN1C(=O)CN=C(c2ccccc2)c2cc(Cl)ccc21	InChI=1S/C16H13ClN2O/c1-19-14-8-7-12(17)9-13(14)16(18-10-15(19)20)11-5-3-2-4-6-11/h2-9H,10H2,1H3	AAOVKJBEBIDNHE-UHFFFAOYSA-N
CHEMBL1798466	Unbound brain to plasma concentration ratio in Sprague-Dawley rat administered in casettes of 2/3 drugs at 4 hr constant rate intravenous infusions using flow rate of 1 (ml/kg)/hr corresponding to dosage rate of 2 (umol/kg)/hr	Rattus norvegicus	10116	A	BAO_0000366	0	CHEMBL1795238	19764786	10.1021/jm901036q	J Med Chem	2009	52	6233	6243	Structure-brain exposure relationships in rat and human using a novel data set of unbound drug concentrations in brain interstitial and cerebrospinal fluids.	6262347	K(p,uu,brain)	=	1.05		K(p,uu,brain)	1.05				0	CHEMBL657	DIPHENHYDRAMINE	4.0	Small molecule	MOL	diphenhydramine	CN(C)CCOC(c1ccccc1)c1ccccc1	InChI=1S/C17H21NO/c1-18(2)13-14-19-17(15-9-5-3-6-10-15)16-11-7-4-8-12-16/h3-12,17H,13-14H2,1-2H3	ZZVUWRFHKOJYTH-UHFFFAOYSA-N
CHEMBL1798466	Unbound brain to plasma concentration ratio in Sprague-Dawley rat administered in casettes of 2/3 drugs at 4 hr constant rate intravenous infusions using flow rate of 1 (ml/kg)/hr corresponding to dosage rate of 2 (umol/kg)/hr	Rattus norvegicus	10116	A	BAO_0000366	0	CHEMBL1795238	19764786	10.1021/jm901036q	J Med Chem	2009	52	6233	6243	Structure-brain exposure relationships in rat and human using a novel data set of unbound drug concentrations in brain interstitial and cerebrospinal fluids.	6262348	K(p,uu,brain)	=	1.25		K(p,uu,brain)	1.25				0	CHEMBL249467	PHENYLETHYLMALONAMIDE		Small molecule	MOL	ethyl-phenylmalonamide	CCC(C(N)=O)(C(N)=O)c1ccccc1	InChI=1S/C11H14N2O2/c1-2-11(9(12)14,10(13)15)8-6-4-3-5-7-8/h3-7H,2H2,1H3,(H2,12,14)(H2,13,15)	JFZHPFOXAAIUMB-UHFFFAOYSA-N
CHEMBL1798466	Unbound brain to plasma concentration ratio in Sprague-Dawley rat administered in casettes of 2/3 drugs at 4 hr constant rate intravenous infusions using flow rate of 1 (ml/kg)/hr corresponding to dosage rate of 2 (umol/kg)/hr	Rattus norvegicus	10116	A	BAO_0000366	0	CHEMBL1795238	19764786	10.1021/jm901036q	J Med Chem	2009	52	6233	6243	Structure-brain exposure relationships in rat and human using a novel data set of unbound drug concentrations in brain interstitial and cerebrospinal fluids.	6262349	K(p,uu,brain)	=	0.14		K(p,uu,brain)	0.14				0	CHEMBL940	GABAPENTIN	4.0	Small molecule	MOL	gabapentin	NCC1(CC(=O)O)CCCCC1	InChI=1S/C9H17NO2/c10-7-9(6-8(11)12)4-2-1-3-5-9/h1-7,10H2,(H,11,12)	UGJMXCAKCUNAIE-UHFFFAOYSA-N
CHEMBL1798466	Unbound brain to plasma concentration ratio in Sprague-Dawley rat administered in casettes of 2/3 drugs at 4 hr constant rate intravenous infusions using flow rate of 1 (ml/kg)/hr corresponding to dosage rate of 2 (umol/kg)/hr	Rattus norvegicus	10116	A	BAO_0000366	0	CHEMBL1795238	19764786	10.1021/jm901036q	J Med Chem	2009	52	6233	6243	Structure-brain exposure relationships in rat and human using a novel data set of unbound drug concentrations in brain interstitial and cerebrospinal fluids.	6262350	K(p,uu,brain)	=	0.11		K(p,uu,brain)	0.11				0	CHEMBL6	INDOMETHACIN	4.0	Small molecule	MOL	indomethacin	COc1ccc2c(c1)c(CC(=O)O)c(C)n2C(=O)c1ccc(Cl)cc1	InChI=1S/C19H16ClNO4/c1-11-15(10-18(22)23)16-9-14(25-2)7-8-17(16)21(11)19(24)12-3-5-13(20)6-4-12/h3-9H,10H2,1-2H3,(H,22,23)	CGIGDMFJXJATDK-UHFFFAOYSA-N
CHEMBL1798466	Unbound brain to plasma concentration ratio in Sprague-Dawley rat administered in casettes of 2/3 drugs at 4 hr constant rate intravenous infusions using flow rate of 1 (ml/kg)/hr corresponding to dosage rate of 2 (umol/kg)/hr	Rattus norvegicus	10116	A	BAO_0000366	0	CHEMBL1795238	19764786	10.1021/jm901036q	J Med Chem	2009	52	6233	6243	Structure-brain exposure relationships in rat and human using a novel data set of unbound drug concentrations in brain interstitial and cerebrospinal fluids.	6262351	K(p,uu,brain)	=	0.88		K(p,uu,brain)	0.88				0	CHEMBL741	LAMOTRIGINE	4.0	Small molecule	MOL	lamotrigine	Nc1nnc(-c2cccc(Cl)c2Cl)c(N)n1	InChI=1S/C9H7Cl2N5/c10-5-3-1-2-4(6(5)11)7-8(12)14-9(13)16-15-7/h1-3H,(H4,12,13,14,16)	PYZRQGJRPPTADH-UHFFFAOYSA-N
CHEMBL1798466	Unbound brain to plasma concentration ratio in Sprague-Dawley rat administered in casettes of 2/3 drugs at 4 hr constant rate intravenous infusions using flow rate of 1 (ml/kg)/hr corresponding to dosage rate of 2 (umol/kg)/hr	Rattus norvegicus	10116	A	BAO_0000366	0	CHEMBL1795238	19764786	10.1021/jm901036q	J Med Chem	2009	52	6233	6243	Structure-brain exposure relationships in rat and human using a novel data set of unbound drug concentrations in brain interstitial and cerebrospinal fluids.	6262352	K(p,uu,brain)	=	0.12		K(p,uu,brain)	0.12				0	CHEMBL5315124	LEVOFLOXACIN	4.0	Small molecule	MOL	levofloxacin	C[C@H]1COc2c(N3CCN(C)CC3)c(F)cc3c(=O)c(C(=O)O)cn1c23.C[C@H]1COc2c(N3CCN(C)CC3)c(F)cc3c(=O)c(C(=O)O)cn1c23.O	InChI=1S/2C18H20FN3O4.H2O/c2*1-10-9-26-17-14-11(16(23)12(18(24)25)8-22(10)14)7-13(19)15(17)21-5-3-20(2)4-6-21;/h2*7-8,10H,3-6,9H2,1-2H3,(H,24,25);1H2/t2*10-;/m00./s1	SUIQUYDRLGGZOL-RCWTXCDDSA-N
CHEMBL1798466	Unbound brain to plasma concentration ratio in Sprague-Dawley rat administered in casettes of 2/3 drugs at 4 hr constant rate intravenous infusions using flow rate of 1 (ml/kg)/hr corresponding to dosage rate of 2 (umol/kg)/hr	Rattus norvegicus	10116	A	BAO_0000366	0	CHEMBL1795238	19764786	10.1021/jm901036q	J Med Chem	2009	52	6233	6243	Structure-brain exposure relationships in rat and human using a novel data set of unbound drug concentrations in brain interstitial and cerebrospinal fluids.	6262353	K(p,uu,brain)	=	0.007		K(p,uu,brain)	0.007				0	CHEMBL841	LOPERAMIDE	4.0	Small molecule	MOL	loperamide	CN(C)C(=O)C(CCN1CCC(O)(c2ccc(Cl)cc2)CC1)(c1ccccc1)c1ccccc1	InChI=1S/C29H33ClN2O2/c1-31(2)27(33)29(24-9-5-3-6-10-24,25-11-7-4-8-12-25)19-22-32-20-17-28(34,18-21-32)23-13-15-26(30)16-14-23/h3-16,34H,17-22H2,1-2H3	RDOIQAHITMMDAJ-UHFFFAOYSA-N
CHEMBL1798466	Unbound brain to plasma concentration ratio in Sprague-Dawley rat administered in casettes of 2/3 drugs at 4 hr constant rate intravenous infusions using flow rate of 1 (ml/kg)/hr corresponding to dosage rate of 2 (umol/kg)/hr	Rattus norvegicus	10116	A	BAO_0000366	0	CHEMBL1795238	19764786	10.1021/jm901036q	J Med Chem	2009	52	6233	6243	Structure-brain exposure relationships in rat and human using a novel data set of unbound drug concentrations in brain interstitial and cerebrospinal fluids.	6262354	K(p,uu,brain)	=	0.011		K(p,uu,brain)	0.011				0	CHEMBL1329	MORPHINE 3-GLUCURONIDE		Small molecule	MOL	M3G	CN1CC[C@]23c4c5ccc(O[C@@H]6O[C@H](C(=O)O)[C@@H](O)[C@H](O)[C@H]6O)c4O[C@H]2[C@@H](O)C=C[C@H]3[C@H]1C5	InChI=1S/C23H27NO9/c1-24-7-6-23-10-3-4-12(25)20(23)32-18-13(5-2-9(14(18)23)8-11(10)24)31-22-17(28)15(26)16(27)19(33-22)21(29)30/h2-5,10-12,15-17,19-20,22,25-28H,6-8H2,1H3,(H,29,30)/t10-,11+,12-,15-,16-,17+,19-,20-,22+,23-/m0/s1	WAEXKFONHRHFBZ-ZXDZBKESSA-N
CHEMBL1798466	Unbound brain to plasma concentration ratio in Sprague-Dawley rat administered in casettes of 2/3 drugs at 4 hr constant rate intravenous infusions using flow rate of 1 (ml/kg)/hr corresponding to dosage rate of 2 (umol/kg)/hr	Rattus norvegicus	10116	A	BAO_0000366	0	CHEMBL1795238	19764786	10.1021/jm901036q	J Med Chem	2009	52	6233	6243	Structure-brain exposure relationships in rat and human using a novel data set of unbound drug concentrations in brain interstitial and cerebrospinal fluids.	6262355	K(p,uu,brain)	=	0.008		K(p,uu,brain)	0.008				0	CHEMBL1330	MORPHINE GLUCURONIDE	2.0	Small molecule	MOL	M6G	CN1CC[C@]23c4c5ccc(O)c4O[C@H]2[C@@H](O[C@@H]2O[C@H](C(=O)O)[C@@H](O)[C@H](O)[C@H]2O)C=C[C@H]3[C@H]1C5	InChI=1S/C23H27NO9/c1-24-7-6-23-10-3-5-13(31-22-17(28)15(26)16(27)19(33-22)21(29)30)20(23)32-18-12(25)4-2-9(14(18)23)8-11(10)24/h2-5,10-11,13,15-17,19-20,22,25-28H,6-8H2,1H3,(H,29,30)/t10-,11+,13-,15-,16-,17+,19-,20-,22+,23-/m0/s1	GNJCUHZOSOYIEC-GAROZEBRSA-N
CHEMBL1798466	Unbound brain to plasma concentration ratio in Sprague-Dawley rat administered in casettes of 2/3 drugs at 4 hr constant rate intravenous infusions using flow rate of 1 (ml/kg)/hr corresponding to dosage rate of 2 (umol/kg)/hr	Rattus norvegicus	10116	A	BAO_0000366	0	CHEMBL1795238	19764786	10.1021/jm901036q	J Med Chem	2009	52	6233	6243	Structure-brain exposure relationships in rat and human using a novel data set of unbound drug concentrations in brain interstitial and cerebrospinal fluids.	6262356	K(p,uu,brain)	=	0.006		K(p,uu,brain)	0.006				0	CHEMBL34259	METHOTREXATE	4.0	Small molecule	MOL	methotrexate	CN(Cc1cnc2nc(N)nc(N)c2n1)c1ccc(C(=O)N[C@@H](CCC(=O)O)C(=O)O)cc1	InChI=1S/C20H22N8O5/c1-28(9-11-8-23-17-15(24-11)16(21)26-20(22)27-17)12-4-2-10(3-5-12)18(31)25-13(19(32)33)6-7-14(29)30/h2-5,8,13H,6-7,9H2,1H3,(H,25,31)(H,29,30)(H,32,33)(H4,21,22,23,26,27)/t13-/m0/s1	FBOZXECLQNJBKD-ZDUSSCGKSA-N
CHEMBL1798466	Unbound brain to plasma concentration ratio in Sprague-Dawley rat administered in casettes of 2/3 drugs at 4 hr constant rate intravenous infusions using flow rate of 1 (ml/kg)/hr corresponding to dosage rate of 2 (umol/kg)/hr	Rattus norvegicus	10116	A	BAO_0000366	0	CHEMBL1795238	19764786	10.1021/jm901036q	J Med Chem	2009	52	6233	6243	Structure-brain exposure relationships in rat and human using a novel data set of unbound drug concentrations in brain interstitial and cerebrospinal fluids.	6262357	K(p,uu,brain)	=	0.64		K(p,uu,brain)	0.64				0	CHEMBL13	METOPROLOL	4.0	Small molecule	MOL	metoprolol	COCCc1ccc(OCC(O)CNC(C)C)cc1	InChI=1S/C15H25NO3/c1-12(2)16-10-14(17)11-19-15-6-4-13(5-7-15)8-9-18-3/h4-7,12,14,16-17H,8-11H2,1-3H3	IUBSYMUCCVWXPE-UHFFFAOYSA-N
CHEMBL1798466	Unbound brain to plasma concentration ratio in Sprague-Dawley rat administered in casettes of 2/3 drugs at 4 hr constant rate intravenous infusions using flow rate of 1 (ml/kg)/hr corresponding to dosage rate of 2 (umol/kg)/hr	Rattus norvegicus	10116	A	BAO_0000366	0	CHEMBL1795238	19764786	10.1021/jm901036q	J Med Chem	2009	52	6233	6243	Structure-brain exposure relationships in rat and human using a novel data set of unbound drug concentrations in brain interstitial and cerebrospinal fluids.	6262358	K(p,uu,brain)	=	0.15		K(p,uu,brain)	0.15				0	CHEMBL70	MORPHINE	4.0	Small molecule	MOL	morphine	CN1CC[C@]23c4c5ccc(O)c4O[C@H]2[C@@H](O)C=C[C@H]3[C@H]1C5	InChI=1S/C17H19NO3/c1-18-7-6-17-10-3-5-13(20)16(17)21-15-12(19)4-2-9(14(15)17)8-11(10)18/h2-5,10-11,13,16,19-20H,6-8H2,1H3/t10-,11+,13-,16-,17-/m0/s1	BQJCRHHNABKAKU-KBQPJGBKSA-N
CHEMBL1798466	Unbound brain to plasma concentration ratio in Sprague-Dawley rat administered in casettes of 2/3 drugs at 4 hr constant rate intravenous infusions using flow rate of 1 (ml/kg)/hr corresponding to dosage rate of 2 (umol/kg)/hr	Rattus norvegicus	10116	A	BAO_0000366	0	CHEMBL1795238	19764786	10.1021/jm901036q	J Med Chem	2009	52	6233	6243	Structure-brain exposure relationships in rat and human using a novel data set of unbound drug concentrations in brain interstitial and cerebrospinal fluids.	6262359	K(p,uu,brain)	=	0.019		K(p,uu,brain)	0.019				0	CHEMBL74632	MOXALACTAM	4.0	Small molecule	MOL	moxalactam	CO[C@@]1(NC(=O)C(C(=O)O)c2ccc(O)cc2)C(=O)N2C(C(=O)O)=C(CSc3nnnn3C)CO[C@@H]21	InChI=1S/C20H20N6O9S/c1-25-19(22-23-24-25)36-8-10-7-35-18-20(34-2,17(33)26(18)13(10)16(31)32)21-14(28)12(15(29)30)9-3-5-11(27)6-4-9/h3-6,12,18,27H,7-8H2,1-2H3,(H,21,28)(H,29,30)(H,31,32)/t12?,18-,20+/m1/s1	JWCSIUVGFCSJCK-CAVRMKNVSA-N
CHEMBL1798466	Unbound brain to plasma concentration ratio in Sprague-Dawley rat administered in casettes of 2/3 drugs at 4 hr constant rate intravenous infusions using flow rate of 1 (ml/kg)/hr corresponding to dosage rate of 2 (umol/kg)/hr	Rattus norvegicus	10116	A	BAO_0000366	0	CHEMBL1795238	19764786	10.1021/jm901036q	J Med Chem	2009	52	6233	6243	Structure-brain exposure relationships in rat and human using a novel data set of unbound drug concentrations in brain interstitial and cerebrospinal fluids.	6262360	K(p,uu,brain)	=	0.037		K(p,uu,brain)	0.037				0	CHEMBL521606	NADOLOL	4.0	Small molecule	MOL	nadolol	CC(C)(C)NCC(O)COc1cccc2c1CC(O)C(O)C2	InChI=1S/C17H27NO4/c1-17(2,3)18-9-12(19)10-22-16-6-4-5-11-7-14(20)15(21)8-13(11)16/h4-6,12,14-15,18-21H,7-10H2,1-3H3	VWPOSFSPZNDTMJ-UHFFFAOYSA-N
CHEMBL1798466	Unbound brain to plasma concentration ratio in Sprague-Dawley rat administered in casettes of 2/3 drugs at 4 hr constant rate intravenous infusions using flow rate of 1 (ml/kg)/hr corresponding to dosage rate of 2 (umol/kg)/hr	Rattus norvegicus	10116	A	BAO_0000366	0	CHEMBL1795238	19764786	10.1021/jm901036q	J Med Chem	2009	52	6233	6243	Structure-brain exposure relationships in rat and human using a novel data set of unbound drug concentrations in brain interstitial and cerebrospinal fluids.	6262361	K(p,uu,brain)	=	0.019		K(p,uu,brain)	0.019				0	CHEMBL584	NELFINAVIR	4.0	Small molecule	MOL	nelfinavir	Cc1c(O)cccc1C(=O)N[C@@H](CSc1ccccc1)[C@H](O)CN1C[C@H]2CCCC[C@H]2C[C@H]1C(=O)NC(C)(C)C	InChI=1S/C32H45N3O4S/c1-21-25(15-10-16-28(21)36)30(38)33-26(20-40-24-13-6-5-7-14-24)29(37)19-35-18-23-12-9-8-11-22(23)17-27(35)31(39)34-32(2,3)4/h5-7,10,13-16,22-23,26-27,29,36-37H,8-9,11-12,17-20H2,1-4H3,(H,33,38)(H,34,39)/t22-,23+,26-,27-,29+/m0/s1	QAGYKUNXZHXKMR-HKWSIXNMSA-N
CHEMBL1798466	Unbound brain to plasma concentration ratio in Sprague-Dawley rat administered in casettes of 2/3 drugs at 4 hr constant rate intravenous infusions using flow rate of 1 (ml/kg)/hr corresponding to dosage rate of 2 (umol/kg)/hr	Rattus norvegicus	10116	A	BAO_0000366	0	CHEMBL1795238	19764786	10.1021/jm901036q	J Med Chem	2009	52	6233	6243	Structure-brain exposure relationships in rat and human using a novel data set of unbound drug concentrations in brain interstitial and cerebrospinal fluids.	6262362	K(p,uu,brain)	=	0.011		K(p,uu,brain)	0.011				0	CHEMBL572	NITROFURANTOIN	4.0	Small molecule	MOL	nitrofurantoin	O=C1CN(/N=C/c2ccc([N+](=O)[O-])o2)C(=O)N1	InChI=1S/C8H6N4O5/c13-6-4-11(8(14)10-6)9-3-5-1-2-7(17-5)12(15)16/h1-3H,4H2,(H,10,13,14)/b9-3+	NXFQHRVNIOXGAQ-YCRREMRBSA-N
CHEMBL1798466	Unbound brain to plasma concentration ratio in Sprague-Dawley rat administered in casettes of 2/3 drugs at 4 hr constant rate intravenous infusions using flow rate of 1 (ml/kg)/hr corresponding to dosage rate of 2 (umol/kg)/hr	Rattus norvegicus	10116	A	BAO_0000366	0	CHEMBL1795238	19764786	10.1021/jm901036q	J Med Chem	2009	52	6233	6243	Structure-brain exposure relationships in rat and human using a novel data set of unbound drug concentrations in brain interstitial and cerebrospinal fluids.	6262363	K(p,uu,brain)	=	0.028		K(p,uu,brain)	0.028				0	CHEMBL9	NORFLOXACIN	4.0	Small molecule	MOL	norfloxacin	CCn1cc(C(=O)O)c(=O)c2cc(F)c(N3CCNCC3)cc21	InChI=1S/C16H18FN3O3/c1-2-19-9-11(16(22)23)15(21)10-7-12(17)14(8-13(10)19)20-5-3-18-4-6-20/h7-9,18H,2-6H2,1H3,(H,22,23)	OGJPXUAPXNRGGI-UHFFFAOYSA-N
CHEMBL1798466	Unbound brain to plasma concentration ratio in Sprague-Dawley rat administered in casettes of 2/3 drugs at 4 hr constant rate intravenous infusions using flow rate of 1 (ml/kg)/hr corresponding to dosage rate of 2 (umol/kg)/hr	Rattus norvegicus	10116	A	BAO_0000366	0	CHEMBL1795238	19764786	10.1021/jm901036q	J Med Chem	2009	52	6233	6243	Structure-brain exposure relationships in rat and human using a novel data set of unbound drug concentrations in brain interstitial and cerebrospinal fluids.	6262364	K(p,uu,brain)	=	0.2		K(p,uu,brain)	0.2				0	CHEMBL546	OXPRENOLOL	4.0	Small molecule	MOL	oxprenolol	C=CCOc1ccccc1OCC(O)CNC(C)C	InChI=1S/C15H23NO3/c1-4-9-18-14-7-5-6-8-15(14)19-11-13(17)10-16-12(2)3/h4-8,12-13,16-17H,1,9-11H2,2-3H3	CEMAWMOMDPGJMB-UHFFFAOYSA-N
CHEMBL1798466	Unbound brain to plasma concentration ratio in Sprague-Dawley rat administered in casettes of 2/3 drugs at 4 hr constant rate intravenous infusions using flow rate of 1 (ml/kg)/hr corresponding to dosage rate of 2 (umol/kg)/hr	Rattus norvegicus	10116	A	BAO_0000366	0	CHEMBL1795238	19764786	10.1021/jm901036q	J Med Chem	2009	52	6233	6243	Structure-brain exposure relationships in rat and human using a novel data set of unbound drug concentrations in brain interstitial and cerebrospinal fluids.	6262365	K(p,uu,brain)	=	1.03		K(p,uu,brain)	1.03				0	CHEMBL656	OXYCODONE	4.0	Small molecule	MOL	oxycodone	COc1ccc2c3c1O[C@H]1C(=O)CC[C@@]4(O)[C@@H](C2)N(C)CC[C@]314	InChI=1S/C18H21NO4/c1-19-8-7-17-14-10-3-4-12(22-2)15(14)23-16(17)11(20)5-6-18(17,21)13(19)9-10/h3-4,13,16,21H,5-9H2,1-2H3/t13-,16+,17+,18-/m1/s1	BRUQQQPBMZOVGD-XFKAJCMBSA-N
CHEMBL1798466	Unbound brain to plasma concentration ratio in Sprague-Dawley rat administered in casettes of 2/3 drugs at 4 hr constant rate intravenous infusions using flow rate of 1 (ml/kg)/hr corresponding to dosage rate of 2 (umol/kg)/hr	Rattus norvegicus	10116	A	BAO_0000366	0	CHEMBL1795238	19764786	10.1021/jm901036q	J Med Chem	2009	52	6233	6243	Structure-brain exposure relationships in rat and human using a novel data set of unbound drug concentrations in brain interstitial and cerebrospinal fluids.	6262366	K(p,uu,brain)	=	0.79		K(p,uu,brain)	0.79				0	CHEMBL963	OXYMORPHONE	4.0	Small molecule	MOL	oxymorphone	CN1CC[C@]23c4c5ccc(O)c4O[C@H]2C(=O)CC[C@@]3(O)[C@H]1C5	InChI=1S/C17H19NO4/c1-18-7-6-16-13-9-2-3-10(19)14(13)22-15(16)11(20)4-5-17(16,21)12(18)8-9/h2-3,12,15,19,21H,4-8H2,1H3/t12-,15+,16+,17-/m1/s1	UQCNKQCJZOAFTQ-ISWURRPUSA-N
CHEMBL1798466	Unbound brain to plasma concentration ratio in Sprague-Dawley rat administered in casettes of 2/3 drugs at 4 hr constant rate intravenous infusions using flow rate of 1 (ml/kg)/hr corresponding to dosage rate of 2 (umol/kg)/hr	Rattus norvegicus	10116	A	BAO_0000366	0	CHEMBL1795238	19764786	10.1021/jm901036q	J Med Chem	2009	52	6233	6243	Structure-brain exposure relationships in rat and human using a novel data set of unbound drug concentrations in brain interstitial and cerebrospinal fluids.	6262367	K(p,uu,brain)	=	0.007		K(p,uu,brain)	0.007				0	CHEMBL428647	PACLITAXEL	4.0	Small molecule	MOL	paclitaxel	CC(=O)O[C@H]1C(=O)[C@@]2(C)[C@H]([C@H](OC(=O)c3ccccc3)[C@]3(O)C[C@H](OC(=O)[C@H](O)[C@@H](NC(=O)c4ccccc4)c4ccccc4)C(C)=C1C3(C)C)[C@]1(OC(C)=O)CO[C@@H]1C[C@@H]2O	InChI=1S/C47H51NO14/c1-25-31(60-43(56)36(52)35(28-16-10-7-11-17-28)48-41(54)29-18-12-8-13-19-29)23-47(57)40(61-42(55)30-20-14-9-15-21-30)38-45(6,32(51)22-33-46(38,24-58-33)62-27(3)50)39(53)37(59-26(2)49)34(25)44(47,4)5/h7-21,31-33,35-38,40,51-52,57H,22-24H2,1-6H3,(H,48,54)/t31-,32-,33+,35-,36+,37+,38-,40-,45+,46-,47+/m0/s1	RCINICONZNJXQF-MZXODVADSA-N
CHEMBL1798466	Unbound brain to plasma concentration ratio in Sprague-Dawley rat administered in casettes of 2/3 drugs at 4 hr constant rate intravenous infusions using flow rate of 1 (ml/kg)/hr corresponding to dosage rate of 2 (umol/kg)/hr	Rattus norvegicus	10116	A	BAO_0000366	0	CHEMBL1795238	19764786	10.1021/jm901036q	J Med Chem	2009	52	6233	6243	Structure-brain exposure relationships in rat and human using a novel data set of unbound drug concentrations in brain interstitial and cerebrospinal fluids.	6262368	K(p,uu,brain)	=	0.5		K(p,uu,brain)	0.5				0	CHEMBL500	PINDOLOL	4.0	Small molecule	MOL	pindolol	CC(C)NCC(O)COc1cccc2[nH]ccc12	InChI=1S/C14H20N2O2/c1-10(2)16-8-11(17)9-18-14-5-3-4-13-12(14)6-7-15-13/h3-7,10-11,15-17H,8-9H2,1-2H3	JZQKKSLKJUAGIC-UHFFFAOYSA-N
CHEMBL1798466	Unbound brain to plasma concentration ratio in Sprague-Dawley rat administered in casettes of 2/3 drugs at 4 hr constant rate intravenous infusions using flow rate of 1 (ml/kg)/hr corresponding to dosage rate of 2 (umol/kg)/hr	Rattus norvegicus	10116	A	BAO_0000366	0	CHEMBL1795238	19764786	10.1021/jm901036q	J Med Chem	2009	52	6233	6243	Structure-brain exposure relationships in rat and human using a novel data set of unbound drug concentrations in brain interstitial and cerebrospinal fluids.	6262369	K(p,uu,brain)	=	0.61		K(p,uu,brain)	0.61				0	CHEMBL27	PROPRANOLOL	4.0	Small molecule	MOL	propranolol	CC(C)NCC(O)COc1cccc2ccccc12	InChI=1S/C16H21NO2/c1-12(2)17-10-14(18)11-19-16-9-5-7-13-6-3-4-8-15(13)16/h3-9,12,14,17-18H,10-11H2,1-2H3	AQHHHDLHHXJYJD-UHFFFAOYSA-N
CHEMBL1798466	Unbound brain to plasma concentration ratio in Sprague-Dawley rat administered in casettes of 2/3 drugs at 4 hr constant rate intravenous infusions using flow rate of 1 (ml/kg)/hr corresponding to dosage rate of 2 (umol/kg)/hr	Rattus norvegicus	10116	A	BAO_0000366	0	CHEMBL1795238	19764786	10.1021/jm901036q	J Med Chem	2009	52	6233	6243	Structure-brain exposure relationships in rat and human using a novel data set of unbound drug concentrations in brain interstitial and cerebrospinal fluids.	6262370	K(p,uu,brain)	=	0.035		K(p,uu,brain)	0.035				0	CHEMBL374478	RIFAMPIN	4.0	Small molecule	MOL	rifampicin	CO[C@H]1/C=C/O[C@@]2(C)Oc3c(C)c(O)c4c(O)c(c(/C=N/N5CCN(C)CC5)c(O)c4c3C2=O)NC(=O)/C(C)=C\C=C\[C@H](C)[C@H](O)[C@@H](C)[C@@H](O)[C@@H](C)[C@H](OC(C)=O)[C@@H]1C	InChI=1S/C43H58N4O12/c1-21-12-11-13-22(2)42(55)45-33-28(20-44-47-17-15-46(9)16-18-47)37(52)30-31(38(33)53)36(51)26(6)40-32(30)41(54)43(8,59-40)57-19-14-29(56-10)23(3)39(58-27(7)48)25(5)35(50)24(4)34(21)49/h11-14,19-21,23-25,29,34-35,39,49-53H,15-18H2,1-10H3,(H,45,55)/b12-11+,19-14+,22-13-,44-20+/t21-,23+,24+,25+,29-,34-,35+,39+,43-/m0/s1	JQXXHWHPUNPDRT-WLSIYKJHSA-N
CHEMBL1798466	Unbound brain to plasma concentration ratio in Sprague-Dawley rat administered in casettes of 2/3 drugs at 4 hr constant rate intravenous infusions using flow rate of 1 (ml/kg)/hr corresponding to dosage rate of 2 (umol/kg)/hr	Rattus norvegicus	10116	A	BAO_0000366	0	CHEMBL1795238	19764786	10.1021/jm901036q	J Med Chem	2009	52	6233	6243	Structure-brain exposure relationships in rat and human using a novel data set of unbound drug concentrations in brain interstitial and cerebrospinal fluids.	6262371	K(p,uu,brain)	=	0.19		K(p,uu,brain)	0.19				0	CHEMBL424	SALICYLIC ACID	4.0	Small molecule	MOL	salicylic acid	O=C(O)c1ccccc1O	InChI=1S/C7H6O3/c8-6-4-2-1-3-5(6)7(9)10/h1-4,8H,(H,9,10)	YGSDEFSMJLZEOE-UHFFFAOYSA-N
CHEMBL1798466	Unbound brain to plasma concentration ratio in Sprague-Dawley rat administered in casettes of 2/3 drugs at 4 hr constant rate intravenous infusions using flow rate of 1 (ml/kg)/hr corresponding to dosage rate of 2 (umol/kg)/hr	Rattus norvegicus	10116	A	BAO_0000366	0	CHEMBL1795238	19764786	10.1021/jm901036q	J Med Chem	2009	52	6233	6243	Structure-brain exposure relationships in rat and human using a novel data set of unbound drug concentrations in brain interstitial and cerebrospinal fluids.	6262372	K(p,uu,brain)	=	0.055		K(p,uu,brain)	0.055				0	CHEMBL114	SAQUINAVIR	4.0	Small molecule	MOL	saquinavir	CC(C)(C)NC(=O)[C@@H]1C[C@@H]2CCCC[C@@H]2CN1C[C@@H](O)[C@H](Cc1ccccc1)NC(=O)[C@H](CC(N)=O)NC(=O)c1ccc2ccccc2n1	InChI=1S/C38H50N6O5/c1-38(2,3)43-37(49)32-20-26-14-7-8-15-27(26)22-44(32)23-33(45)30(19-24-11-5-4-6-12-24)41-36(48)31(21-34(39)46)42-35(47)29-18-17-25-13-9-10-16-28(25)40-29/h4-6,9-13,16-18,26-27,30-33,45H,7-8,14-15,19-23H2,1-3H3,(H2,39,46)(H,41,48)(H,42,47)(H,43,49)/t26-,27+,30-,31-,32-,33+/m0/s1	QWAXKHKRTORLEM-UGJKXSETSA-N
CHEMBL1798466	Unbound brain to plasma concentration ratio in Sprague-Dawley rat administered in casettes of 2/3 drugs at 4 hr constant rate intravenous infusions using flow rate of 1 (ml/kg)/hr corresponding to dosage rate of 2 (umol/kg)/hr	Rattus norvegicus	10116	A	BAO_0000366	0	CHEMBL1795238	19764786	10.1021/jm901036q	J Med Chem	2009	52	6233	6243	Structure-brain exposure relationships in rat and human using a novel data set of unbound drug concentrations in brain interstitial and cerebrospinal fluids.	6262373	K(p,uu,brain)	=	0.78		K(p,uu,brain)	0.78				0	CHEMBL95	TACRINE	4.0	Small molecule	MOL	tacrine	Nc1c2c(nc3ccccc13)CCCC2	InChI=1S/C13H14N2/c14-13-9-5-1-3-7-11(9)15-12-8-4-2-6-10(12)13/h1,3,5,7H,2,4,6,8H2,(H2,14,15)	YLJREFDVOIBQDA-UHFFFAOYSA-N
CHEMBL1798466	Unbound brain to plasma concentration ratio in Sprague-Dawley rat administered in casettes of 2/3 drugs at 4 hr constant rate intravenous infusions using flow rate of 1 (ml/kg)/hr corresponding to dosage rate of 2 (umol/kg)/hr	Rattus norvegicus	10116	A	BAO_0000366	0	CHEMBL1795238	19764786	10.1021/jm901036q	J Med Chem	2009	52	6233	6243	Structure-brain exposure relationships in rat and human using a novel data set of unbound drug concentrations in brain interstitial and cerebrospinal fluids.	6262374	K(p,uu,brain)	=	1.53		K(p,uu,brain)	1.53				0	CHEMBL441	THIOPENTAL	4.0	Small molecule	MOL	thiopental	CCCC(C)C1(CC)C(=O)NC(=S)NC1=O	InChI=1S/C11H18N2O2S/c1-4-6-7(3)11(5-2)8(14)12-10(16)13-9(11)15/h7H,4-6H2,1-3H3,(H2,12,13,14,15,16)	IUJDSEJGGMCXSG-UHFFFAOYSA-N
CHEMBL1798466	Unbound brain to plasma concentration ratio in Sprague-Dawley rat administered in casettes of 2/3 drugs at 4 hr constant rate intravenous infusions using flow rate of 1 (ml/kg)/hr corresponding to dosage rate of 2 (umol/kg)/hr	Rattus norvegicus	10116	A	BAO_0000366	0	CHEMBL1795238	19764786	10.1021/jm901036q	J Med Chem	2009	52	6233	6243	Structure-brain exposure relationships in rat and human using a novel data set of unbound drug concentrations in brain interstitial and cerebrospinal fluids.	6262375	K(p,uu,brain)	=	0.45		K(p,uu,brain)	0.45				0	CHEMBL479	THIORIDAZINE	4.0	Small molecule	MOL	thioridazine	CSc1ccc2c(c1)N(CCC1CCCCN1C)c1ccccc1S2	InChI=1S/C21H26N2S2/c1-22-13-6-5-7-16(22)12-14-23-18-8-3-4-9-20(18)25-21-11-10-17(24-2)15-19(21)23/h3-4,8-11,15-16H,5-7,12-14H2,1-2H3	KLBQZWRITKRQQV-UHFFFAOYSA-N
CHEMBL1798466	Unbound brain to plasma concentration ratio in Sprague-Dawley rat administered in casettes of 2/3 drugs at 4 hr constant rate intravenous infusions using flow rate of 1 (ml/kg)/hr corresponding to dosage rate of 2 (umol/kg)/hr	Rattus norvegicus	10116	A	BAO_0000366	0	CHEMBL1795238	19764786	10.1021/jm901036q	J Med Chem	2009	52	6233	6243	Structure-brain exposure relationships in rat and human using a novel data set of unbound drug concentrations in brain interstitial and cerebrospinal fluids.	6262376	K(p,uu,brain)	=	0.33		K(p,uu,brain)	0.33				0	CHEMBL220492	TOPIRAMATE	4.0	Small molecule	MOL	topiramate	CC1(C)O[C@@H]2[C@@H](CO[C@@]3(COS(N)(=O)=O)OC(C)(C)O[C@@H]23)O1	InChI=1S/C12H21NO8S/c1-10(2)18-7-5-16-12(6-17-22(13,14)15)9(8(7)19-10)20-11(3,4)21-12/h7-9H,5-6H2,1-4H3,(H2,13,14,15)/t7-,8-,9+,12+/m1/s1	KJADKKWYZYXHBB-XBWDGYHZSA-N
CHEMBL1798466	Unbound brain to plasma concentration ratio in Sprague-Dawley rat administered in casettes of 2/3 drugs at 4 hr constant rate intravenous infusions using flow rate of 1 (ml/kg)/hr corresponding to dosage rate of 2 (umol/kg)/hr	Rattus norvegicus	10116	A	BAO_0000366	0	CHEMBL1795238	19764786	10.1021/jm901036q	J Med Chem	2009	52	6233	6243	Structure-brain exposure relationships in rat and human using a novel data set of unbound drug concentrations in brain interstitial and cerebrospinal fluids.	6262377	K(p,uu,brain)	=	1.46		K(p,uu,brain)	1.46				0	CHEMBL1237044	TRAMADOL	4.0	Small molecule	MOL	tramadol	COc1cccc(C2(O)CCCCC2CN(C)C)c1	InChI=1S/C16H25NO2/c1-17(2)12-14-7-4-5-10-16(14,18)13-8-6-9-15(11-13)19-3/h6,8-9,11,14,18H,4-5,7,10,12H2,1-3H3	TVYLLZQTGLZFBW-UHFFFAOYSA-N
CHEMBL1798466	Unbound brain to plasma concentration ratio in Sprague-Dawley rat administered in casettes of 2/3 drugs at 4 hr constant rate intravenous infusions using flow rate of 1 (ml/kg)/hr corresponding to dosage rate of 2 (umol/kg)/hr	Rattus norvegicus	10116	A	BAO_0000366	0	CHEMBL1795238	19764786	10.1021/jm901036q	J Med Chem	2009	52	6233	6243	Structure-brain exposure relationships in rat and human using a novel data set of unbound drug concentrations in brain interstitial and cerebrospinal fluids.	6262378	K(p,uu,brain)	=	0.053		K(p,uu,brain)	0.053				0	CHEMBL6966	VERAPAMIL	4.0	Small molecule	MOL	verapamil	COc1ccc(CCN(C)CCCC(C#N)(c2ccc(OC)c(OC)c2)C(C)C)cc1OC	InChI=1S/C27H38N2O4/c1-20(2)27(19-28,22-10-12-24(31-5)26(18-22)33-7)14-8-15-29(3)16-13-21-9-11-23(30-4)25(17-21)32-6/h9-12,17-18,20H,8,13-16H2,1-7H3	SGTNSNPWRIOYBX-UHFFFAOYSA-N
CHEMBL1798466	Unbound brain to plasma concentration ratio in Sprague-Dawley rat administered in casettes of 2/3 drugs at 4 hr constant rate intravenous infusions using flow rate of 1 (ml/kg)/hr corresponding to dosage rate of 2 (umol/kg)/hr	Rattus norvegicus	10116	A	BAO_0000366	0	CHEMBL1795238	19764786	10.1021/jm901036q	J Med Chem	2009	52	6233	6243	Structure-brain exposure relationships in rat and human using a novel data set of unbound drug concentrations in brain interstitial and cerebrospinal fluids.	6262379	K(p,uu,brain)	=	0.09		K(p,uu,brain)	0.09				0	CHEMBL129	ZIDOVUDINE	4.0	Small molecule	MOL	zidovudine	Cc1cn([C@H]2C[C@H](N=[N+]=[N-])[C@@H](CO)O2)c(=O)[nH]c1=O	InChI=1S/C10H13N5O4/c1-5-3-15(10(18)12-9(5)17)8-2-6(13-14-11)7(4-16)19-8/h3,6-8,16H,2,4H2,1H3,(H,12,17,18)/t6-,7+,8+/m0/s1	HBOMLICNUCNMMY-XLPZGREQSA-N
