assay_chembl_id,target_chembl_id,assay_description,assay_type,bao_label,standard_types,activity_comments,assay_category,classification_confidence,classification_reason
CHEMBL1054393,CHEMBL3820,Activity at human recombinant liver glucokinase expressed in Escherichia coli BL21 (DE3),B,assay format,Vmax:1,,无法判断,low,描述无方向措辞，standard_type 也全为方向中性（Vmax:1）
CHEMBL2168355,CHEMBL3820,Activity at human recombinant glucokinase assessed as increase in Vmax at 1 uM,B,single protein format,Activity:1,,无法判断,low,描述无方向措辞，standard_type 也全为方向中性（Activity:1）
CHEMBL2168357,CHEMBL3820,Activity at human recombinant glucokinase assessed as decrease in Km at 1 uM,B,single protein format,Activity:1,,无法判断,low,描述无方向措辞，standard_type 也全为方向中性（Activity:1）
CHEMBL2432300,CHEMBL3820,Activity of human glucokinase at 50 uM,B,single protein format,Vmax:18,,无法判断,low,描述无方向措辞，standard_type 也全为方向中性（Vmax:18）
CHEMBL3117036,CHEMBL3820,Inhibition of fluorescein-labeled human GK interaction with biotin-labeled human GKRP incubated for 20 mins prior to addition of fluorescein-labeled GK measured after 2 to 4 hrs by Alpha Screen assay,B,single protein format,IC50:30,,GCK 抑制,medium,描述命中抑制类措辞：「Inhibition of fluorescein-labeled human GK interaction with biotin-lab…」；描述提及 GKRP 但未构成明确的相互作用表述，需人工确认；standard_type 与描述一致（IC50:30→抑制）
CHEMBL3226993,CHEMBL3820,Activity at glucokinase (unknown origin),B,single protein format,EC50:27,,GCK 激活,medium,描述无方向措辞，依据实测 standard_type 推断（EC50:27→激活）
CHEMBL3223676,CHEMBL3820,Inhibition of recombinant human pancreatic glucokinase by G-6-P dehydrogenase assay,B,single protein format,EC50:17,,GCK 抑制,low,描述命中抑制类措辞：「Inhibition of recombinant human pancreatic glucokinase by G-6-P dehydr…」；⚠ 描述判定为「GCK 抑制」，但实测 standard_type 指向其他方向（EC50:17→激活）
CHEMBL3239304,CHEMBL3820,Activity of recombinant human pancreatic glucokinase assessed as glucose half-maximal saturation concentration,B,single protein format,S50:18,,GCK 激活,medium,描述无方向措辞，依据实测 standard_type 推断（S50:18→激活）
CHEMBL3239305,CHEMBL3820,Activity of recombinant human pancreatic glucokinase assessed as glucose half-maximal activity,B,single protein format,Vmax:1,,无法判断,low,描述无方向措辞，standard_type 也全为方向中性（Vmax:1）
CHEMBL3377919,CHEMBL3820,Activity of human recombinant Glucokinase measured over 5 mins by spectrophotometry,B,single protein format,Km:24,,无法判断,low,描述无方向措辞，standard_type 也全为方向中性（Km:24）
CHEMBL3364949,CHEMBL3820,Inhibition of fluorescein-labeled human GK interaction with biotin-labeled human GKRP compound incubated for 20 mins prior to addition of fluorescein-labeled GK measured after 2 to 4 hrs by AlphaScreen assay,B,single protein format,IC50:45,,GCK 抑制,medium,描述命中抑制类措辞：「Inhibition of fluorescein-labeled human GK interaction with biotin-lab…」；描述提及 GKRP 但未构成明确的相互作用表述，需人工确认；standard_type 与描述一致（IC50:45→抑制）
CHEMBL3369166,CHEMBL3820,Ratio of EC50 for GK translocation from nucleus to cytoplasm of mouse hepatocytes to IC50 for inhibition of fluorescein-labeled human GK interaction with biotin-labeled human GKRP,B,cell-based format,Ratio:2,,GCK 抑制,medium,描述命中抑制类措辞：「…mouse hepatocytes to IC50 for inhibition of fluorescein-labeled human GK interaction with biotin-lab…」；描述提及 GKRP 但未构成明确的相互作用表述，需人工确认；检测到细胞/体内语境：「…atio of EC50 for GK translocation from nucleus to cytoplasm of mouse hepa…」；同时含方向措辞与表型读数「…atio of EC50 for GK translocation from nucleus to cytoplasm of mouse hepa…」，属复合实验，需人工确认归类
CHEMBL3751340,CHEMBL3820,Effect on human glucokinase activity after 60 mins by luciferase-based luminescence assay in absence of human GKRP,B,single protein format,EC50:1,,GCK 激活,medium,描述无方向措辞，依据实测 standard_type 推断（EC50:1→激活）；描述出现 GKRP，但属于「absence/presence of GKRP」实验条件表述，并非在测 GK–GKRP 相互作用，需人工确认
CHEMBL3888434,CHEMBL3820,"Coupled Enzymatic Assay: The assay is carried out according to the protocol outlined in Hariharan et al (1997), Diabetes 46: 11-16. Briefly, the test compounds are incubated in a reaction mix containing 25 mM HEPES (pH 7.2), 10 mM MgCl2, 100 mM KCl, 5 mM ATP, 2 mM DTT, 0.5 mM NAD, 1 U/mL Leuconostoc mesenteroides G6PD, 0.3 U/mL of purified human recombinant GK, and different concentrations of glucose. Enzymatic activity is calculated from the initial reaction velocity, measured from the change in NADH absorbance as a function of time.",B,single protein format,EC50:38,"[{""comment"": ""401490"", ""n"": 1}, {""comment"": ""401489"", ""n"": 1}, {""comment"": ""401488"", ""n"": 1}, {""comment"": ""401487"", ""n"": 1}, {""comment"": ""401486"", ""n"": 1}, {""comment"": ""401485"", ""n"": 1}, {""comment"": ""401484"", ""n"": 1}, {""comment"": ""401483"", ""n"": 1}, {""comment"": ""401482"", ""n"": 1}, {""comment"": ""401481"", ""n"": 1}, {""comment"": ""401480"", ""n"": 1}, {""comment"": ""401479"", ""n"": 1}, {""comment"": ""401478"", ""n"": 1}, {""comment"": ""401477"", ""n"": 1}, {""comment"": ""401476"", ""n"": 1}, {""comment"": ""401475"", ""n"": 1}, {""comment"": ""401474"", ""n"": 1}, {""comment"": ""401473"", ""n"": 1}, {""comment"": ""401472"", ""n"": 1}, {""comment"": ""401471"", ""n"": 1}, {""comment"": ""401470"", ""n"": 1}, {""comment"": ""401469"", ""n"": 1}, {""comment"": ""401468"", ""n"": 1}, {""comment"": ""401467"", ""n"": 1}, {""comment"": ""401466"", ""n"": 1}, {""comment"": ""401465"", ""n"": 1}, {""comment"": ""401464"", ""n"": 1}, {""comment"": ""401463"", ""n"": 1}, {""comment"": ""401462"", ""n"": 1}, {""comment"": ""401461"", ""n"": 1}, {""comment"": ""401460"", ""n"": 1}, {""comment"": ""401459"", ""n"": 1}, {""comment"": ""401458"", ""n"": 1}, {""comment"": ""401457"", ""n"": 1}, {""comment"": ""401456"", ""n"": 1}, {""comment"": ""401455"", ""n"": 1}, {""comment"": ""401454"", ""n"": 1}, {""comment"": ""401453"", ""n"": 1}]",GCK 激活,medium,描述无方向措辞，依据实测 standard_type 推断（EC50:38→激活）
CHEMBL4022295,CHEMBL3820,"Potency index, ratio of (S)-N-(5-chlorothiazol-2-yl)-2-(4-(cyclopropylsulfonyl)-6-methyl-2-oxopyridin-1(2H)-yl)-3-(tetrahydro-2H-pyran-4-yl)propanamide EC50 to compound EC50 for full length human C-terminal FLAG-tagged glucokinase (12 to 465 residues)",B,single protein format,Ratio EC50:1,,GCK 激活,medium,描述无方向措辞，依据实测 standard_type 推断（Ratio EC50:1→激活）
CHEMBL5048925,CHEMBL3820,Displacement of fluorescent labeled derivative from recombinant human hepatic glucokinase incubated for 30 mins in presence of 12 mM glucose by fluorescent polarization assay,B,single protein format,IC50:2,,GCK 结合,low,描述命中结合类措辞：「Displacement of fluorescent labeled derivative from recombinant human hepat…」；⚠ 描述判定为「GCK 结合」，但实测 standard_type 指向其他方向（IC50:2→抑制）
CHEMBL5261324,CHEMBL3820,Agonist activity at glucokinase (unknown origin) assessed as fold increase at 10 uM by luciferase reporter gene assay,B,single protein format,FC:1,,GCK 激活,medium,描述无方向措辞，依据实测 standard_type 推断（FC:1→激活）
CHEMBL5733424,CHEMBL3820,"Inhibition Assay: The in vitro activity of the compounds described herein in inhibiting TAK1, HCK, and other kinases were obtained using an Invitrogen Select Screening assay as known in the art.",B,single protein format,IC50:3; k_off:3; kon:3,"[{""comment"": ""749565"", ""n"": 3}, {""comment"": ""749562"", ""n"": 3}, {""comment"": ""749555"", ""n"": 3}]",GCK 抑制,medium,描述命中抑制类措辞：「Inhibition Assay: The in vitro activity of the compounds described her…」；standard_type 同时指向多个方向（IC50:3→抑制、k_off:3→结合、kon:3→结合），已按描述判定
CHEMBL5735123,CHEMBL3820,"In Vitro Activity Assay: The in vitro activity of the compounds described herein in inhibiting TAK1, HCK and other kinases were obtained using an Invitrogen Select Screening assay as known in the art.",B,single protein format,IC50:3; k_off:3; kon:3,"[{""comment"": ""896307"", ""n"": 3}, {""comment"": ""896304"", ""n"": 3}, {""comment"": ""896300"", ""n"": 3}]",GCK 抑制,medium,"描述命中抑制类措辞：「…compounds described herein in inhibiting TAK1, HCK and other kinases were obtained using an Invitrog…」；standard_type 同时指向多个方向（IC50:3→抑制、k_off:3→结合、kon:3→结合），已按描述判定"
