Molecule,Canonical SMILES,Formula,MW,#Heavy atoms,#Aromatic heavy atoms,Fraction Csp3,#Rotatable bonds,#H-bond acceptors,#H-bond donors,MR,TPSA,iLOGP,XLOGP3,WLOGP,MLOGP,Silicos-IT Log P,Consensus Log P,ESOL Log S,ESOL Solubility (mg/ml),ESOL Solubility (mol/l),ESOL Class,Ali Log S,Ali Solubility (mg/ml),Ali Solubility (mol/l),Ali Class,Silicos-IT LogSw,Silicos-IT Solubility (mg/ml),Silicos-IT Solubility (mol/l),Silicos-IT class,GI absorption,BBB permeant,Pgp substrate,CYP1A2 inhibitor,CYP2C19 inhibitor,CYP2C9 inhibitor,CYP2D6 inhibitor,CYP3A4 inhibitor,log Kp (cm/s),Lipinski #violations,Ghose #violations,Veber #violations,Egan #violations,Muegge #violations,Bioavailability Score,PAINS #alerts,Brenk #alerts,Leadlikeness #violations,Synthetic Accessibility
GKA_0002,O=C([C@@H](n1cnc(c1)C(F)(F)F)CC1CCCC1)Nc1ccc(cn1)C(=O)O,C18H19F3N4O3,396.36,28,11,0.44,8,8,2,93.81,97.11,n/d,3.32,4.72,0.38,1.24,2.41,-4.15,2.79e-02,7.05e-05,Moderately soluble,-5.04,3.65e-03,9.21e-06,Moderately soluble,-4.35,1.75e-02,4.43e-05,Moderately soluble,High,No,No,n/d,n/d,n/d,n/d,n/d,-6.36,0,0,0,0,0,0.56,0,0,2,3.43
GKA_0009,O=C1CCC(N1C)c1cc2[nH]c(cc2cc1Oc1ccc(nc1)S(=O)(=O)C)c1cnccn1,C23H21N5O4S,463.51,33,21,0.22,5,7,1,125.82,126.52,n/d,1.03,3.88,0.09,-0.11,1.22,-3.50,1.45e-01,3.14e-04,Soluble,-3.28,2.45e-01,5.29e-04,Soluble,-3.34,2.10e-01,4.53e-04,Soluble,High,No,Yes,n/d,n/d,n/d,n/d,n/d,-8.40,0,0,0,0,0,0.55,0,0,1,3.94
GKA_0016,CCOP(=O)(Cn1ccc(n1)NC(=O)c1cc(OC(C)C)cc(c1)Oc1ccc(cc1)S(=O)(=O)CC)OCC,C26H34N3O8PS,579.60,39,17,0.38,15,9,1,148.29,153.24,n/d,3.32,6.47,1.85,1.38,3.26,-4.86,8.04e-03,1.39e-05,Moderately soluble,-6.21,3.54e-04,6.10e-07,Poorly soluble,-7.68,1.21e-05,2.09e-08,Poorly soluble,Low,No,No,n/d,n/d,n/d,n/d,n/d,-7.48,2,4,2,2,1,0.17,0,1,2,4.58
GKA_0023,COC[C@@H](Oc1cc(Oc2ccc(cc2)S(=O)(=O)C)cc(c1)C(=O)Nc1cnn(n1)CP(=O)(OCC)OCC)C,C25H33N4O9PS,596.59,40,17,0.40,16,11,1,147.17,175.36,n/d,2.45,5.10,0.14,1.52,2.30,-4.34,2.72e-02,4.56e-05,Moderately soluble,-5.78,9.99e-04,1.67e-06,Moderately soluble,-7.02,5.65e-05,9.46e-08,Poorly soluble,Low,No,Yes,n/d,n/d,n/d,n/d,n/d,-8.20,2,3,2,1,3,0.17,0,1,2,5.05
GKA_0030,CCOP(=O)(Cn1ccc(n1)NC(=O)c1cc(OC(C)C)cc(c1)Oc1ccc(cc1)S(=O)(=O)N1CCC1)OCC,C27H35N4O8PS,606.63,41,17,0.41,15,10,1,157.79,156.48,n/d,2.99,5.69,1.29,0.53,2.62,-4.80,9.58e-03,1.58e-05,Moderately soluble,-5.94,6.96e-04,1.15e-06,Moderately soluble,-7.02,5.81e-05,9.57e-08,Poorly soluble,Low,No,No,n/d,n/d,n/d,n/d,n/d,-7.88,2,4,2,1,2,0.17,0,1,2,4.70
GKA_0037,O=C([C@@H](n1ncc2c1cncc2S(=O)(=O)C1CC1)CC1CCOCC1)Nc1ncc(s1)F,C20H22FN5O4S2,479.55,32,14,0.50,8,8,1,116.66,152.69,n/d,2.08,4.21,1.00,1.62,2.23,-3.92,5.77e-02,1.20e-04,Soluble,-4.92,5.82e-03,1.21e-05,Moderately soluble,-5.13,3.55e-03,7.41e-06,Moderately soluble,Low,No,Yes,n/d,n/d,n/d,n/d,n/d,-7.75,0,0,1,1,1,0.55,0,0,2,4.25
GKA_0044,COC(=O)CCc1ccc(cc1)Oc1cc2cc([nH]c2cc1C1CCC(=O)N1C)c1cnccn1,C27H26N4O4,470.52,35,21,0.26,8,6,1,135.60,97.41,n/d,2.61,4.11,1.49,2.60,2.70,-4.32,2.26e-02,4.81e-05,Moderately soluble,-4.31,2.33e-02,4.95e-05,Moderately soluble,-5.46,1.65e-03,3.51e-06,Moderately soluble,High,No,Yes,n/d,n/d,n/d,n/d,n/d,-7.32,0,1,0,0,0,0.55,0,0,2,3.98
GKA_0051,COC[C@@H](Oc1cc(C#Cc2cccc(c2)NCCN2CCCCC2)cc(c1)C(=O)Nc1ccn(n1)C)C,C30H37N5O3,515.65,38,17,0.40,11,5,2,154.97,80.65,n/d,4.55,3.70,2.93,3.14,3.58,-5.51,1.60e-03,3.10e-06,Moderately soluble,-5.97,5.57e-04,1.08e-06,Moderately soluble,-8.02,4.98e-06,9.66e-09,Poorly soluble,High,No,Yes,n/d,n/d,n/d,n/d,n/d,-6.21,1,3,1,0,0,0.55,0,1,3,4.54
GKA_0058,Brc1cnc(s1)NC(=O)/C(=C/C1CCCCCC1)/c1ccc(c(c1)Cl)n1nnnc1C,C21H22BrClN6OS,521.86,31,16,0.38,6,5,1,127.96,113.83,n/d,6.99,5.64,4.48,3.92,5.26,-7.47,1.79e-05,3.43e-08,Poorly soluble,-9.20,3.33e-07,6.38e-10,Poorly soluble,-7.06,4.59e-05,8.79e-08,Poorly soluble,Low,No,No,n/d,n/d,n/d,n/d,n/d,-4.52,2,2,0,0,1,0.17,0,1,2,3.65
GKA_0065,CCc1csc(n1)Nc1ncc(cc1Oc1ccccc1)Sc1ccncc1,C21H18N4OS2,406.52,28,23,0.10,7,4,1,114.10,113.47,n/d,5.45,6.18,2.73,5.29,4.91,-5.94,4.67e-04,1.15e-06,Moderately soluble,-7.59,1.05e-05,2.57e-08,Poorly soluble,-8.71,7.91e-07,1.95e-09,Poorly soluble,Low,No,Yes,n/d,n/d,n/d,n/d,n/d,-4.91,0,1,0,1,1,0.55,0,0,2,3.77
GKA_0072,Cn1ccc(n1)NC(=O)c1cc(Oc2ccc(c(c2)F)C(=O)N2CCC2)c2c(c1)OC(C2)(C)C,C25H25FN4O4,464.49,34,17,0.32,7,6,1,127.68,85.69,n/d,3.24,4.01,2.57,2.53,3.09,-4.67,9.95e-03,2.14e-05,Moderately soluble,-4.71,9.00e-03,1.94e-05,Moderately soluble,-6.88,6.07e-05,1.31e-07,Poorly soluble,High,No,Yes,n/d,n/d,n/d,n/d,n/d,-6.83,0,0,0,0,0,0.55,0,0,1,3.54
GKA_0079,O=C(/C(=C/CC1CCCC1)/c1ccc(c(c1)C(F)(F)F)S(=O)(=O)C)Nc1nccs1,C20H21F3N2O3S2,458.52,30,11,0.40,8,7,1,110.86,112.75,n/d,5.14,7.21,3.40,5.25,5.25,-5.66,9.93e-04,2.17e-06,Moderately soluble,-7.25,2.56e-05,5.59e-08,Poorly soluble,-6.53,1.36e-04,2.96e-07,Poorly soluble,Low,No,No,n/d,n/d,n/d,n/d,n/d,-5.45,0,1,0,1,1,0.55,0,1,3,3.56
GKA_0086,c1ccc(cc1)Oc1cc(cnc1Nc1scc(n1)CCc1ccccc1)Sc1ccncc1,C27H22N4OS2,482.62,34,29,0.07,9,4,1,138.59,113.47,n/d,6.87,7.41,3.78,6.70,6.19,-7.20,3.06e-05,6.35e-08,Poorly soluble,-9.06,4.17e-07,8.65e-10,Poorly soluble,-11.17,3.26e-09,6.76e-12,Insoluble,Low,No,Yes,n/d,n/d,n/d,n/d,n/d,-4.37,0,3,0,1,1,0.55,0,0,3,4.10
GKA_0093,O=C([C@@H](n1ccc(cc1=O)S(=O)(=O)C1CCC1)CC1CCCC1)Nc1ccc(cn1)C,C23H29N3O4S,443.56,31,12,0.52,8,5,1,120.69,106.51,n/d,4.88,4.53,2.21,-0.32,2.82,-5.42,1.68e-03,3.78e-06,Moderately soluble,-6.85,6.24e-05,1.41e-07,Poorly soluble,-4.61,1.10e-02,2.48e-05,Moderately soluble,High,No,No,n/d,n/d,n/d,n/d,n/d,-5.54,0,0,0,0,0,0.55,0,0,3,4.17
GKA_0100,O=C([C@@H](n1ccc(c(c1=O)Cl)S(=O)(=O)C(C)C)CC1CCCC1)Nc1ccc(cn1)C,C22H28ClN3O4S,465.99,31,12,0.50,8,5,1,123.00,106.51,n/d,5.40,5.04,2.48,0.25,3.29,-5.89,6.01e-04,1.29e-06,Moderately soluble,-7.39,1.89e-05,4.06e-08,Poorly soluble,-5.36,2.02e-03,4.35e-06,Moderately soluble,High,No,No,n/d,n/d,n/d,n/d,n/d,-5.31,0,0,0,0,1,0.55,0,0,3,4.06
GKA_0107,Cc1nsc(n1)Nc1ncc(cc1Oc1ccccc1)Sc1ccccn1,C19H15N5OS2,393.49,27,23,0.05,6,5,1,107.09,126.36,n/d,5.16,5.32,1.87,4.35,4.18,-5.76,6.76e-04,1.72e-06,Moderately soluble,-7.56,1.09e-05,2.76e-08,Poorly soluble,-7.95,4.47e-06,1.14e-08,Poorly soluble,Low,No,No,n/d,n/d,n/d,n/d,n/d,-5.04,0,0,0,0,1,0.55,0,0,2,3.74
GKA_0114,COC[C@@H](Oc1cc(O[C@H](CC2CCCC2)C)cc(c1)C(=O)Nc1ccc(cn1)C(=O)O)C,C25H32N2O6,456.53,33,12,0.48,12,7,2,125.44,106.98,n/d,4.76,4.60,1.01,4.12,3.62,-5.15,3.26e-03,7.14e-06,Moderately soluble,-6.74,8.36e-05,1.83e-07,Poorly soluble,-6.23,2.68e-04,5.86e-07,Poorly soluble,High,No,No,n/d,n/d,n/d,n/d,n/d,-5.71,0,0,1,0,0,0.56,0,0,3,4.23
GKA_0121,Cc1csc(n1)Nc1ncc(cc1Oc1ccccc1)Sc1ccccc1,C21H17N3OS2,391.51,27,23,0.05,6,3,1,111.50,100.58,n/d,6.09,6.53,3.56,5.47,5.41,-6.34,1.80e-04,4.59e-07,Poorly soluble,-7.98,4.07e-06,1.04e-08,Poorly soluble,-8.69,7.96e-07,2.03e-09,Poorly soluble,Low,No,Yes,n/d,n/d,n/d,n/d,n/d,-4.36,0,1,0,1,1,0.55,0,0,2,3.62
GKA_0128,CCS(=O)(=O)c1ccc(cc1)Oc1cc2nc([nH]c2cc1CN1C(=O)CN(C1=O)C)c1ccccn1,C25H23N5O5S,505.55,36,21,0.20,7,7,1,140.23,133.94,n/d,2.14,3.77,1.15,2.89,2.49,-4.29,2.58e-02,5.10e-05,Moderately soluble,-4.58,1.32e-02,2.60e-05,Moderately soluble,-7.92,6.06e-06,1.20e-08,Poorly soluble,Low,No,Yes,n/d,n/d,n/d,n/d,n/d,-7.86,1,2,0,1,0,0.55,0,1,1,3.46
GKA_0135,Brc1cnc2c(c1)cc([nH]2)C(c1ccc(c(c1)Cl)S(=O)(=O)C)CC1CCCC1,C21H22BrClN2O2S,481.83,28,15,0.38,5,3,1,118.08,71.20,n/d,6.17,7.18,4.75,6.11,6.05,-6.78,7.98e-05,1.66e-07,Poorly soluble,-7.45,1.71e-05,3.56e-08,Poorly soluble,-8.66,1.05e-06,2.17e-09,Poorly soluble,Low,No,Yes,n/d,n/d,n/d,n/d,n/d,-4.86,1,2,0,1,1,0.55,0,0,2,3.61
GKA_0142,O=C([C@@H](n1ncc2c1nccc2S(=O)(=O)C1CC1)CC1CCOCC1)Nc1ncc(s1)F,C20H22FN5O4S2,479.55,32,14,0.50,8,8,1,116.66,152.69,n/d,2.42,4.21,1.68,1.62,2.48,-4.13,3.53e-02,7.35e-05,Moderately soluble,-5.27,2.58e-03,5.38e-06,Moderately soluble,-5.13,3.55e-03,7.41e-06,Moderately soluble,Low,No,Yes,n/d,n/d,n/d,n/d,n/d,-7.51,0,0,1,1,1,0.55,0,0,2,4.15
GKA_0149,O=C(c1ccc(cc1)Oc1cnc(s1)NC(=O)C(c1ccc(cc1)S(=O)(=O)C1CC1)OC1CCOCC1)NC1CC1,C29H31N3O7S2,597.70,41,17,0.41,13,8,2,152.61,169.54,n/d,3.93,5.08,1.72,4.34,3.77,-5.47,2.02e-03,3.38e-06,Moderately soluble,-7.19,3.86e-05,6.46e-08,Poorly soluble,-7.58,1.57e-05,2.62e-08,Poorly soluble,Low,No,Yes,n/d,n/d,n/d,n/d,n/d,-7.16,1,3,2,1,1,0.55,0,0,3,4.87
GKA_0156,CNC(=O)Nc1ncc(cc1Oc1cccnc1CC)Sc1ccccn1,C19H19N5O2S,381.45,27,18,0.16,8,5,2,104.18,114.33,n/d,2.82,3.94,1.72,2.76,2.81,-3.95,4.31e-02,1.13e-04,Soluble,-4.88,5.05e-03,1.32e-05,Moderately soluble,-7.33,1.77e-05,4.63e-08,Poorly soluble,High,No,No,n/d,n/d,n/d,n/d,n/d,-6.62,0,0,0,0,0,0.55,0,0,2,3.63
GKA_0163,CCOP(=O)(Cn1ccc(n1)NC(=O)c1cc(OC(C)C)cc(c1)Oc1cnc(cn1)C(=O)N(C)C)OCC,C25H33N6O7P,560.54,39,17,0.40,15,10,1,143.87,156.81,n/d,1.70,4.09,-0.06,0.13,1.46,-3.72,1.07e-01,1.91e-04,Soluble,-4.61,1.38e-02,2.46e-05,Moderately soluble,-6.30,2.80e-04,4.99e-07,Poorly soluble,Low,No,Yes,n/d,n/d,n/d,n/d,n/d,-8.51,2,3,2,1,1,0.17,0,1,2,4.66
GKA_0170,O=C([C@@H](Oc1ncnc2c1cnn2c1ncccc1Cl)COC1CCC1)Nc1ccc(cn1)C,C23H22ClN7O3,479.92,34,21,0.30,9,8,1,125.56,116.94,n/d,3.37,3.33,1.83,1.60,2.53,-4.80,7.58e-03,1.58e-05,Moderately soluble,-5.50,1.50e-03,3.13e-06,Moderately soluble,-7.29,2.44e-05,5.09e-08,Poorly soluble,High,No,Yes,n/d,n/d,n/d,n/d,n/d,-6.83,0,0,0,0,0,0.55,0,0,2,4.08
GKA_0177,O[C@H]1CCC[C@@H]1Oc1cc(Oc2ccc(cc2)S(=O)(=O)C)cc(c1)C(=O)Nc1nccs1,C22H22N2O6S2,474.55,32,17,0.27,8,7,2,120.71,151.44,n/d,3.15,4.77,1.50,3.21,3.16,-4.63,1.11e-02,2.33e-05,Moderately soluble,-6.00,4.74e-04,1.00e-06,Poorly soluble,-6.32,2.25e-04,4.74e-07,Poorly soluble,Low,No,Yes,n/d,n/d,n/d,n/d,n/d,-6.96,0,0,1,1,1,0.55,0,0,2,4.08
GKA_0184,CNC(=O)Nc1ncc(c(c1)Oc1cncc(c1)OC)[C@H]1COCC[C@@H]1F,C18H21FN4O4,376.38,27,12,0.39,7,7,2,95.76,94.60,n/d,1.07,3.10,0.78,1.85,1.70,-2.71,7.26e-01,1.93e-03,Soluble,-2.65,8.46e-01,2.25e-03,Soluble,-5.37,1.62e-03,4.32e-06,Moderately soluble,High,No,Yes,n/d,n/d,n/d,n/d,n/d,-7.84,0,0,0,0,0,0.55,0,0,1,4.24
GKA_0191,O=C([C@@H](N1CCN(CC1=O)S(=O)(=O)c1cccc(c1)C)CC1CCCCC1)Nc1nccs1,C23H30N4O4S2,490.64,33,11,0.52,8,6,1,136.48,136.30,n/d,4.14,3.39,1.46,2.89,2.97,-5.21,3.03e-03,6.18e-06,Moderately soluble,-6.71,9.58e-05,1.95e-07,Poorly soluble,-5.52,1.49e-03,3.04e-06,Moderately soluble,Low,No,No,n/d,n/d,n/d,n/d,n/d,-6.35,0,2,0,1,0,0.55,0,0,3,4.29
GKA_0198,CCS(=O)(=O)c1ccc(cc1)Oc1cc2nc([nH]c2cc1CN1CCCS1(=O)=O)c1ccccn1,C24H24N4O5S2,512.60,35,21,0.25,7,8,1,136.79,139.08,n/d,2.46,5.38,1.31,3.16,3.08,-4.55,1.44e-02,2.82e-05,Moderately soluble,-5.02,4.84e-03,9.45e-06,Moderately soluble,-8.34,2.36e-06,4.61e-09,Poorly soluble,Low,No,Yes,n/d,n/d,n/d,n/d,n/d,-7.68,1,2,0,1,0,0.55,0,0,1,3.66
GKA_0205,CNC(=O)Nc1ncc(c(c1)Oc1cncc(c1)OC)C1=CCCOC1,C18H20N4O4,356.38,26,12,0.28,7,6,2,96.03,94.60,n/d,0.65,2.64,0.58,1.83,1.43,-2.34,1.63e+00,4.59e-03,Soluble,-2.21,2.19e+00,6.13e-03,Soluble,-5.31,1.73e-03,4.86e-06,Moderately soluble,High,No,Yes,n/d,n/d,n/d,n/d,n/d,-8.01,0,0,0,0,0,0.55,0,0,1,3.68
GKA_0212,Cc1csc(n1)Nc1ncc(cc1OCc1ccccc1)SCc1ccccc1,C23H21N3OS2,419.56,29,23,0.13,8,3,1,121.61,100.58,n/d,5.96,6.16,3.46,6.25,5.45,-6.25,2.33e-04,5.56e-07,Poorly soluble,-7.85,5.95e-06,1.42e-08,Poorly soluble,-9.48,1.40e-07,3.33e-10,Poorly soluble,Low,No,Yes,n/d,n/d,n/d,n/d,n/d,-4.63,0,1,0,1,1,0.55,0,0,3,3.82
GKA_0219,O=C([C@@H](n1ccc(cc1=O)S(=O)(=O)C1CCC1)CC1CCCC1)Nc1ccn(n1)C,C21H28N4O4S,432.54,30,11,0.57,8,5,1,114.97,111.44,n/d,3.90,3.56,1.84,-3.00,1.57,-4.72,8.20e-03,1.90e-05,Moderately soluble,-5.94,4.98e-04,1.15e-06,Moderately soluble,-3.00,4.30e-01,9.93e-04,Soluble,High,No,No,n/d,n/d,n/d,n/d,n/d,-6.17,0,0,0,0,0,0.55,0,0,3,4.12
GKA_0226,COC(=O)CCc1ccc(nc1)c1[nH]c2c(c1)cc(c(c2)C1CCC(=O)N1C)Sc1ccccn1,C27H26N4O3S,486.59,35,21,0.26,8,5,1,139.65,113.48,n/d,3.49,4.47,2.28,3.56,3.45,-4.97,5.20e-03,1.07e-05,Moderately soluble,-5.56,1.35e-03,2.78e-06,Moderately soluble,-5.66,1.06e-03,2.18e-06,Moderately soluble,High,No,Yes,n/d,n/d,n/d,n/d,n/d,-6.79,0,2,0,0,0,0.55,0,0,2,3.92
GKA_0233,O=C(C(c1ccc(cc1)S(=O)(=O)C1CC1)OC1CCOCC1)Nc1ncc(s1)n1ncc(c1)C(=O)O,C23H24N4O7S2,532.59,36,16,0.39,10,9,2,129.68,186.33,n/d,2.07,3.34,0.72,0.91,1.76,-4.12,4.09e-02,7.67e-05,Moderately soluble,-5.61,1.30e-03,2.44e-06,Moderately soluble,-4.71,1.03e-02,1.94e-05,Moderately soluble,Low,No,Yes,n/d,n/d,n/d,n/d,n/d,-8.08,2,1,1,1,1,0.11,0,0,2,4.60
GKA_0240,O=C([C@@H](n1cnc2c(c1=O)ccc(c2)S(=O)(=O)C1CCCC1)CC1CCCCC1)Nc1ncc(s1)F,C25H29FN4O4S2,532.65,36,15,0.52,8,7,1,138.47,147.64,n/d,6.64,6.17,2.74,2.07,4.41,-7.11,4.17e-05,7.83e-08,Poorly soluble,-9.54,1.53e-07,2.87e-10,Poorly soluble,-6.44,1.95e-04,3.66e-07,Poorly soluble,Low,No,No,n/d,n/d,n/d,n/d,n/d,-4.83,1,3,1,2,1,0.55,0,0,3,4.62
GKA_0247,CNC(=O)Nc1ncc(cc1Oc1ccnn1CC)CC1CCOCC1,C18H25N5O3,359.42,26,11,0.50,8,5,2,98.08,90.30,n/d,1.52,2.62,1.65,0.40,1.55,-2.81,5.55e-01,1.54e-03,Soluble,-3.02,3.39e-01,9.44e-04,Soluble,-4.79,5.88e-03,1.64e-05,Moderately soluble,High,No,Yes,n/d,n/d,n/d,n/d,n/d,-7.41,0,0,0,0,0,0.55,0,0,2,3.61
GKA_0254,CNC(=O)Nc1ncc(cc1Oc1ccnn1CC)Sc1ccccn1,C17H18N6O2S,370.43,26,17,0.18,8,5,2,98.47,119.26,n/d,2.00,3.20,1.72,0.09,1.75,-3.35,1.65e-01,4.44e-04,Soluble,-4.13,2.74e-02,7.40e-05,Moderately soluble,-5.73,6.90e-04,1.86e-06,Moderately soluble,High,No,Yes,n/d,n/d,n/d,n/d,n/d,-7.14,0,0,0,0,0,0.55,0,0,2,3.70
GKA_0261,O=c1ccnc([nH]1)c1cc(Oc2cnc(nc2)C(=O)N(C)C)cc(c1)OC1CCCC1,C22H23N5O4,421.45,31,18,0.32,7,7,1,113.90,110.30,n/d,3.42,3.04,0.89,1.95,2.33,-4.58,1.12e-02,2.66e-05,Moderately soluble,-5.42,1.62e-03,3.83e-06,Moderately soluble,-5.38,1.74e-03,4.12e-06,Moderately soluble,High,No,No,n/d,n/d,n/d,n/d,n/d,-6.44,0,0,0,0,0,0.55,0,0,1,3.41
GKA_0268,COC[C@@H](Oc1cc(Oc2ccc(cc2)C(=O)N2CCC2)cc(c1)C(=O)Nc1nc2c(s1)CCN(C2)C(=O)OC(C)(C)C)C,C32H38N4O7S,622.73,44,17,0.44,14,8,1,174.53,147.77,n/d,4.29,4.64,2.00,5.20,4.03,-5.77,1.07e-03,1.72e-06,Moderately soluble,-7.11,4.88e-05,7.83e-08,Poorly soluble,-7.63,1.47e-05,2.37e-08,Poorly soluble,Low,No,Yes,n/d,n/d,n/d,n/d,n/d,-7.05,2,3,2,1,1,0.17,0,0,3,5.30
GKA_0275,O=C([C@@H](n1ncc2c1ccc(c2)S(=O)(=O)C1CC1)CC1CCOCC1)Nc1ncc(s1)Cl,C21H23ClN4O4S2,495.01,32,14,0.48,8,6,1,123.92,139.80,n/d,3.68,4.91,2.11,2.40,3.27,-5.02,4.69e-03,9.48e-06,Moderately soluble,-6.31,2.45e-04,4.95e-07,Poorly soluble,-5.82,7.48e-04,1.51e-06,Moderately soluble,Low,No,Yes,n/d,n/d,n/d,n/d,n/d,-6.71,0,1,0,1,0,0.55,0,0,3,4.22
GKA_0282,O=C(c1cc(ccc1N)Sc1nncn1C)Nc1ccccn1,C15H14N6OS,326.38,23,17,0.07,5,4,2,88.26,124.02,n/d,1.80,2.01,1.20,-0.27,1.19,-3.21,1.99e-01,6.10e-04,Soluble,-4.02,3.09e-02,9.47e-05,Moderately soluble,-4.82,4.97e-03,1.52e-05,Moderately soluble,High,No,No,n/d,n/d,n/d,n/d,n/d,-7.01,0,0,0,0,0,0.55,0,1,0,2.58
GKA_0289,O=C([C@@H](n1ccc(cc1=O)S(=O)(=O)C1CCC1)CC1CCCC1)Nc1cnccn1,C21H26N4O4S,430.52,30,12,0.52,8,6,1,113.52,119.40,n/d,3.45,3.61,1.39,-1.41,1.76,-4.45,1.52e-02,3.54e-05,Moderately soluble,-5.64,9.89e-04,2.30e-06,Moderately soluble,-3.86,5.97e-02,1.39e-04,Soluble,High,No,No,n/d,n/d,n/d,n/d,n/d,-6.48,0,0,0,0,0,0.55,0,0,2,4.19
GKA_0296,CC(Oc1cc(OCC2CCCC2)cc(c1)C(=O)Nc1ccc(cn1)C(=O)O)C,C22H26N2O5,398.45,29,12,0.41,9,6,2,109.93,97.75,n/d,4.12,4.20,1.17,3.52,3.25,-4.62,9.60e-03,2.41e-05,Moderately soluble,-5.88,5.26e-04,1.32e-06,Moderately soluble,-5.71,7.84e-04,1.97e-06,Moderately soluble,High,No,No,n/d,n/d,n/d,n/d,n/d,-5.81,0,0,0,0,0,0.56,0,0,3,3.03
GKA_0303,CN1CCN(CC1)Cc1csc(n1)NC(=O)c1cc(Oc2ccc(cc2)S(=O)(=O)C)cc(c1)c1ncccc1C,C29H31N5O4S2,577.72,40,23,0.28,9,8,1,164.64,141.35,n/d,3.53,4.69,1.94,4.58,3.68,-5.48,1.93e-03,3.33e-06,Moderately soluble,-6.18,3.79e-04,6.57e-07,Poorly soluble,-9.21,3.53e-07,6.11e-10,Poorly soluble,Low,No,Yes,n/d,n/d,n/d,n/d,n/d,-7.32,1,3,1,1,0,0.55,0,0,3,4.27
GKA_0310,CC(CC(n1c(C)cc(cc1=O)S(=O)(=O)C1CCCC1)C(=O)Nc1nccs1)C,C20H27N3O4S2,437.58,29,11,0.55,8,5,1,115.87,134.75,n/d,4.51,4.45,2.00,0.22,2.79,-5.15,3.12e-03,7.13e-06,Moderately soluble,-7.06,3.80e-05,8.69e-08,Poorly soluble,-4.04,3.95e-02,9.04e-05,Moderately soluble,Low,No,No,n/d,n/d,n/d,n/d,n/d,-5.77,0,0,0,1,0,0.55,0,0,3,4.28
GKA_0317,COCC(Oc1cc(Oc2ccc(cc2)S(=O)(=O)C)cc(c1)C(=O)Nc1nc2c(s1)CN(CC2)c1ccccn1)C,C29H30N4O6S2,594.70,41,23,0.28,11,8,1,160.21,156.57,n/d,4.13,5.32,1.85,4.60,3.98,-5.82,9.04e-04,1.52e-06,Moderately soluble,-7.12,4.46e-05,7.50e-08,Poorly soluble,-9.11,4.66e-07,7.83e-10,Poorly soluble,Low,No,Yes,n/d,n/d,n/d,n/d,n/d,-7.00,1,3,2,1,1,0.55,0,0,3,4.85
GKA_0324,O=C([C@@H](n1ncc(c1)S(=O)(=O)C1CCCC1)CC1CCOCC1)Nc1ncc(s1)Cl,C19H25ClN4O4S2,473.01,30,10,0.63,8,6,1,116.03,139.80,n/d,3.06,4.60,1.59,1.86,2.78,-4.42,1.80e-02,3.81e-05,Moderately soluble,-5.66,1.03e-03,2.18e-06,Moderately soluble,-4.73,8.85e-03,1.87e-05,Moderately soluble,Low,No,Yes,n/d,n/d,n/d,n/d,n/d,-7.01,0,0,0,1,0,0.55,0,0,2,4.45
GKA_0331,OC(=O)Cc1nc(sc1Cl)NC(=O)c1nc(ccc1Sc1ccc(cc1)F)Sc1ccccn1,C22H14ClFN4O3S3,533.02,34,23,0.05,9,7,2,129.56,183.91,n/d,5.68,6.14,3.27,5.79,5.22,-6.63,1.25e-04,2.35e-07,Poorly soluble,-9.31,2.63e-07,4.93e-10,Poorly soluble,-8.78,8.87e-07,1.66e-09,Poorly soluble,Low,No,No,n/d,n/d,n/d,n/d,n/d,-5.52,1,2,1,2,2,0.11,0,0,3,3.61
GKA_0338,OC(=O)c1ccc(cc1)Oc1cc2cc([nH]c2cc1C1CCC(=O)N1C)c1ccc(cn1)C(F)(F)F,C26H20F3N3O4,495.45,36,21,0.19,6,8,2,129.10,95.52,n/d,4.01,6.48,2.64,2.58,3.93,-5.47,1.66e-03,3.36e-06,Moderately soluble,-5.72,9.48e-04,1.91e-06,Moderately soluble,-3.48,1.64e-01,3.31e-04,Soluble,Low,No,No,n/d,n/d,n/d,n/d,n/d,-6.48,0,2,0,1,0,0.56,0,0,2,3.74
GKA_0345,OC(=O)CCc1csc(n1)Nc1ncc(cc1Oc1ccccc1)Sc1ccncc1,C22H18N4O3S2,450.53,31,23,0.09,9,6,2,120.68,150.77,n/d,4.41,5.64,2.08,4.61,4.18,-5.37,1.94e-03,4.30e-06,Moderately soluble,-7.29,2.29e-05,5.09e-08,Poorly soluble,-8.06,3.91e-06,8.69e-09,Poorly soluble,Low,No,No,n/d,n/d,n/d,n/d,n/d,-5.92,0,1,1,1,1,0.11,0,0,3,3.81
GKA_0352,COC[C@@H](Oc1cc(OCC(c2ccccc2)(F)F)cc(c1)C(=O)Nc1ccc(cn1)C(=O)O)C,C25H24F2N2O6,486.46,35,18,0.24,12,9,2,123.18,106.98,n/d,3.91,5.16,1.26,4.31,3.66,-4.91,6.01e-03,1.24e-05,Moderately soluble,-5.86,6.79e-04,1.40e-06,Moderately soluble,-7.73,9.04e-06,1.86e-08,Poorly soluble,High,No,No,n/d,n/d,n/d,n/d,n/d,-6.49,0,1,1,0,0,0.56,0,0,3,3.77
GKA_0359,OCC(=O)N1CCC(CC1)c1nsc(n1)Nc1ncc(cc1Oc1ccccc1)Sc1ccccn1,C25H24N6O3S2,520.63,36,23,0.24,9,7,2,141.99,166.90,n/d,4.18,4.33,1.14,3.75,3.35,-5.58,1.37e-03,2.63e-06,Moderately soluble,-7.39,2.10e-05,4.04e-08,Poorly soluble,-7.70,1.04e-05,1.99e-08,Poorly soluble,Low,No,Yes,n/d,n/d,n/d,n/d,n/d,-6.51,1,2,1,1,1,0.55,0,0,3,4.32
GKA_0366,COC[C@@H](Oc1cc(O[C@H](Cc2ccc(cc2)F)C)cc(c1)C(=O)Nc1ccc(cn1)C(=O)O)C,C26H27FN2O6,482.50,35,18,0.27,12,8,2,127.96,106.98,n/d,4.26,4.82,1.36,4.70,3.79,-5.10,3.80e-03,7.87e-06,Moderately soluble,-6.22,2.92e-04,6.05e-07,Poorly soluble,-7.84,6.93e-06,1.44e-08,Poorly soluble,High,No,Yes,n/d,n/d,n/d,n/d,n/d,-6.22,0,1,1,0,0,0.56,0,0,3,4.12
GKA_0373,COC[C@@H](Oc1cc(C#Cc2cccc(c2)OCC#N)cc(c1)C(=O)Nc1ccn(n1)C)C,C25H24N4O4,444.48,33,17,0.24,9,6,1,123.17,98.40,n/d,3.44,3.28,1.86,2.53,2.78,-4.55,1.25e-02,2.82e-05,Moderately soluble,-5.19,2.89e-03,6.50e-06,Moderately soluble,-6.74,8.13e-05,1.83e-07,Poorly soluble,High,No,No,n/d,n/d,n/d,n/d,n/d,-6.57,0,0,0,0,0,0.55,0,1,2,3.91
GKA_0380,COC[C@@H](Oc1cc(O[C@H](Cc2cc(F)cc(c2)F)C)cc(c1)C(=O)Nc1ccc(cn1)C(=O)O)C,C26H26F2N2O6,500.49,36,18,0.27,12,9,2,127.92,106.98,n/d,4.36,5.38,1.46,5.13,4.09,-5.27,2.70e-03,5.40e-06,Moderately soluble,-6.32,2.38e-04,4.76e-07,Poorly soluble,-8.10,3.95e-06,7.89e-09,Poorly soluble,High,No,Yes,n/d,n/d,n/d,n/d,n/d,-6.26,1,1,1,0,0,0.56,0,0,3,4.17
GKA_0387,F[C@H]1CCN(C1)S(=O)(=O)c1ccc(cc1)Oc1cc(OCC=C(C)C)cc(c1)C(=O)Nc1nccs1,C25H26FN3O5S2,531.62,36,17,0.28,10,8,1,140.35,134.45,n/d,4.81,6.19,2.16,4.26,4.36,-5.86,7.41e-04,1.39e-06,Moderately soluble,-7.37,2.29e-05,4.31e-08,Poorly soluble,-7.28,2.77e-05,5.21e-08,Poorly soluble,Low,No,No,n/d,n/d,n/d,n/d,n/d,-6.13,1,3,0,2,0,0.55,0,1,3,4.24
GKA_0394,O=C(c1nc(ccc1Sc1ccccc1F)Sc1nnc[nH]1)Nc1nccs1,C17H11FN6OS3,430.50,28,22,0.00,7,6,2,105.15,175.29,n/d,3.84,4.58,2.58,4.38,3.84,-5.05,3.86e-03,8.96e-06,Moderately soluble,-7.22,2.61e-05,6.07e-08,Poorly soluble,-7.34,1.99e-05,4.61e-08,Poorly soluble,Low,No,No,n/d,n/d,n/d,n/d,n/d,-6.20,0,0,1,1,1,0.55,0,0,2,3.21
GKA_0401,O=C([C@@H](c1ccc(cc1)S(=O)(=O)C1CC1)CC1CCOCC1)Nc1ncc(s1)F,C20H23FN2O4S2,438.54,29,11,0.50,8,6,1,109.28,121.98,n/d,3.27,5.00,2.44,4.40,3.78,-4.37,1.86e-02,4.25e-05,Moderately soluble,-5.51,1.37e-03,3.12e-06,Moderately soluble,-5.85,6.15e-04,1.40e-06,Moderately soluble,Low,No,Yes,n/d,n/d,n/d,n/d,n/d,-6.65,0,0,0,0,0,0.55,0,0,2,3.82
GKA_0408,OC(=O)Cc1ccc(cc1)Oc1cc2cc([nH]c2cc1C1CCC(=O)N1C)c1ccc(cn1)C(F)(F)F,C27H22F3N3O4,509.48,37,21,0.22,7,8,2,133.68,95.52,n/d,3.95,6.41,2.84,2.98,4.04,-5.45,1.83e-03,3.59e-06,Moderately soluble,-5.66,1.12e-03,2.21e-06,Moderately soluble,-3.87,6.90e-02,1.36e-04,Soluble,Low,No,Yes,n/d,n/d,n/d,n/d,n/d,-6.60,1,3,0,1,0,0.56,0,0,2,3.88
GKA_0415,COC[C@@H](Oc1cc(Oc2cc(F)cc(c2)F)cc(c1)C(=O)Nc1nccs1)C,C20H18F2N2O4S,420.43,29,17,0.20,9,7,1,104.76,97.92,n/d,4.11,5.53,2.47,5.22,4.33,-4.88,5.60e-03,1.33e-05,Moderately soluble,-5.87,5.64e-04,1.34e-06,Moderately soluble,-7.24,2.42e-05,5.75e-08,Poorly soluble,High,No,No,n/d,n/d,n/d,n/d,n/d,-5.95,0,0,0,0,0,0.55,0,0,3,3.58
GKA_0422,Cn1ccc(n1)Nc1ncnc2c1cc(cc2)Oc1c(F)cccc1S(=O)(=O)C,C19H16FN5O3S,413.43,29,21,0.11,5,7,1,105.70,107.38,n/d,2.93,4.94,2.18,0.73,2.70,-4.45,1.45e-02,3.51e-05,Moderately soluble,-4.85,5.89e-03,1.42e-05,Moderately soluble,-7.06,3.61e-05,8.73e-08,Poorly soluble,High,No,No,n/d,n/d,n/d,n/d,n/d,-6.74,0,0,0,0,0,0.55,0,0,1,3.22
GKA_0429,CNC(=O)Nc1ncc(c(c1)Oc1cncc(c1)C)[C@@H]1C[C@@H](C1)C(O)(C)C,C20H26N4O3,370.45,27,12,0.45,7,5,3,103.91,96.37,n/d,1.75,3.40,1.64,2.41,2.30,-3.11,2.90e-01,7.83e-04,Soluble,-3.39,1.51e-01,4.06e-04,Soluble,-5.58,9.77e-04,2.64e-06,Moderately soluble,High,No,Yes,n/d,n/d,n/d,n/d,n/d,-7.32,0,0,0,0,0,0.55,0,0,1,4.30
GKA_0436,CCOP(=O)(Cn1ccc(n1)NC(=O)c1cc(O[C@H](CF)C)cc(c1)Oc1ccc(cc1)S(=O)(=O)C)OCC,C25H31FN3O8PS,583.57,39,17,0.36,15,10,1,143.53,153.24,n/d,2.93,6.45,1.74,1.28,3.10,-4.64,1.35e-02,2.31e-05,Moderately soluble,-5.81,9.04e-04,1.55e-06,Moderately soluble,-7.57,1.58e-05,2.71e-08,Poorly soluble,Low,No,No,n/d,n/d,n/d,n/d,n/d,-7.78,2,3,2,2,1,0.17,0,1,2,4.86
GKA_0443,CNC(=O)Nc1ncc(c(c1)Oc1cncc(c1)C)[C@@H]1C[C@H](C1)O,C17H20N4O3,328.37,24,12,0.35,6,5,3,89.45,96.37,n/d,0.94,2.38,0.95,1.56,1.46,-2.44,1.19e+00,3.61e-03,Soluble,-2.55,9.25e-01,2.82e-03,Soluble,-4.78,5.40e-03,1.64e-05,Moderately soluble,High,No,Yes,n/d,n/d,n/d,n/d,n/d,-7.64,0,0,0,0,0,0.55,0,0,0,3.97
GKA_0450,O=C(c1cc(Oc2ccc(cc2)S(=O)(=O)C)cc(c1)c1ncccc1C)Nc1nccs1,C23H19N3O4S2,465.54,32,23,0.09,7,6,1,124.14,134.87,n/d,3.84,5.85,2.29,4.65,4.16,-5.22,2.83e-03,6.09e-06,Moderately soluble,-6.37,1.99e-04,4.28e-07,Poorly soluble,-8.77,7.85e-07,1.69e-09,Poorly soluble,Low,No,No,n/d,n/d,n/d,n/d,n/d,-6.41,0,1,0,1,0,0.55,0,0,2,3.37
GKA_0457,CC(=CCOc1cc(Oc2ccc(cc2)S(=O)(=O)N2CC3CCC(C2)O3)cc(c1)C(=O)Nc1nccs1)C,C27H29N3O6S2,555.67,38,17,0.33,10,8,1,148.89,143.68,n/d,4.52,5.59,1.69,3.90,3.93,-5.80,8.73e-04,1.57e-06,Moderately soluble,-7.26,3.06e-05,5.51e-08,Poorly soluble,-7.04,5.13e-05,9.23e-08,Poorly soluble,Low,No,Yes,n/d,n/d,n/d,n/d,n/d,-6.48,1,2,1,1,0,0.55,0,1,3,5.45
GKA_0464,O=C([C@@H](n1ncc2c1cc(cc2S(=O)(=O)C1CC1)C(=O)N)CC1CCOCC1)Nc1ncc(s1)F,C22H24FN5O5S2,521.58,35,14,0.45,9,8,2,126.96,182.89,n/d,2.03,3.91,1.27,1.42,2.16,-4.05,4.60e-02,8.82e-05,Moderately soluble,-5.50,1.66e-03,3.17e-06,Moderately soluble,-5.04,4.71e-03,9.04e-06,Moderately soluble,Low,No,Yes,n/d,n/d,n/d,n/d,n/d,-8.04,1,1,1,1,1,0.55,0,0,2,4.32
GKA_0471,C#CCNCc1csc(n1)NC(=O)c1cc(Oc2ccc(cc2)S(=O)(=O)C)cc(c1)c1ncccc1C,C27H24N4O4S2,532.63,37,23,0.15,10,7,2,144.49,146.90,n/d,3.36,5.50,1.85,5.44,4.04,-5.06,4.65e-03,8.73e-06,Moderately soluble,-6.12,4.01e-04,7.54e-07,Poorly soluble,-9.64,1.22e-07,2.29e-10,Poorly soluble,Low,No,No,n/d,n/d,n/d,n/d,n/d,-7.16,1,2,1,1,0,0.55,0,1,2,3.94
GKA_0478,CNC(=O)Nc1ncc(cc1Oc1cccnc1CC)CCCC(O)(C)C,C20H28N4O3,372.46,27,12,0.45,10,5,3,106.03,96.37,n/d,2.39,3.49,1.64,3.17,2.67,-3.32,1.77e-01,4.74e-04,Soluble,-4.06,3.28e-02,8.81e-05,Moderately soluble,-6.55,1.05e-04,2.83e-07,Poorly soluble,High,No,Yes,n/d,n/d,n/d,n/d,n/d,-6.88,0,0,0,0,0,0.55,0,0,2,3.62
GKA_0485,Cn1ccc(n1)Nc1ncnc2c1cc(cc2)Oc1ncccc1F,C17H13FN6O,336.32,25,21,0.06,4,6,1,90.40,77.75,n/d,2.95,3.85,1.97,0.84,2.41,-4.14,2.43e-02,7.22e-05,Moderately soluble,-4.25,1.91e-02,5.69e-05,Moderately soluble,-6.43,1.24e-04,3.68e-07,Poorly soluble,High,No,No,n/d,n/d,n/d,n/d,n/d,-6.26,0,0,0,0,0,0.55,0,0,0,2.91
GKA_0492,CNC(=O)Nc1ncc(cc1Oc1cccnc1CC)CC(C)C,C18H24N4O2,328.41,24,12,0.39,8,4,2,95.21,76.14,n/d,3.07,3.59,1.98,3.12,2.94,-3.65,7.31e-02,2.23e-04,Soluble,-4.34,1.52e-02,4.61e-05,Moderately soluble,-6.34,1.49e-04,4.53e-07,Poorly soluble,High,Yes,No,n/d,n/d,n/d,n/d,n/d,-6.12,0,0,0,0,0,0.55,0,0,1,3.39
GKA_0499,CC(OC[C@@H](C(=O)Nc1ccc(cn1)C)Oc1ncnc2c1cnn2c1ccccc1Cl)C,C23H23ClN6O3,466.92,33,21,0.26,9,7,1,125.07,104.05,n/d,3.99,3.79,2.19,2.13,3.02,-5.13,3.50e-03,7.49e-06,Moderately soluble,-5.88,6.20e-04,1.33e-06,Moderately soluble,-7.62,1.11e-05,2.38e-08,Poorly soluble,High,No,No,n/d,n/d,n/d,n/d,n/d,-6.32,0,0,0,0,0,0.55,0,0,3,3.91
GKA_0506,COC[C@@H](Oc1cc(/C=C/c2cc(F)ccc2F)cc(c1)C(=O)Nc1ccc(cn1)C(=O)O)C,C25H22F2N2O5,468.45,34,18,0.16,10,8,2,122.69,97.75,n/d,4.27,5.33,1.98,5.16,4.18,-5.17,3.19e-03,6.82e-06,Moderately soluble,-6.03,4.32e-04,9.23e-07,Poorly soluble,-7.65,1.06e-05,2.25e-08,Poorly soluble,High,No,No,n/d,n/d,n/d,n/d,n/d,-6.13,0,0,0,0,0,0.56,0,1,3,3.76
GKA_0513,OCCN(S(=O)(=O)c1ccc(cc1)C(C(=O)Nc1nc2c(s1)nc(cc2)OC)CC1CCCC1)C,C24H30N4O5S2,518.65,35,15,0.46,11,8,2,136.20,158.34,n/d,4.11,4.51,1.59,3.45,3.41,-5.24,3.01e-03,5.81e-06,Moderately soluble,-7.14,3.75e-05,7.22e-08,Poorly soluble,-6.54,1.51e-04,2.90e-07,Poorly soluble,Low,No,Yes,n/d,n/d,n/d,n/d,n/d,-6.55,1,2,2,1,1,0.55,0,0,3,4.43
GKA_0520,O=C(C(c1ccc(cc1)S(=O)(=O)C1CC1)CC1CCOCC1)Nc1scc(n1)C(=C)C,C23H28N2O4S2,460.61,31,11,0.48,9,5,1,124.22,121.98,n/d,4.27,5.48,2.23,5.12,4.28,-5.05,4.06e-03,8.82e-06,Moderately soluble,-6.54,1.32e-04,2.86e-07,Poorly soluble,-6.38,1.90e-04,4.12e-07,Poorly soluble,Low,No,Yes,n/d,n/d,n/d,n/d,n/d,-6.08,0,0,0,0,0,0.55,0,0,3,4.19
GKA_0527,Cn1ccc(n1)Nc1ncnc2c1cc(cc2)Oc1c(Cl)cccc1S(=O)(=O)C,C19H16ClN5O3S,429.88,29,21,0.11,5,6,1,110.75,107.38,n/d,3.45,5.04,2.30,0.95,2.93,-4.88,5.61e-03,1.30e-05,Moderately soluble,-5.39,1.77e-03,4.11e-06,Moderately soluble,-7.38,1.79e-05,4.17e-08,Poorly soluble,High,No,No,n/d,n/d,n/d,n/d,n/d,-6.47,0,0,0,0,0,0.55,0,0,1,3.26
GKA_0534,O=C(C(c1ccc(cc1)S(=O)(=O)C1CC1)OC1CCOCC1)Nc1ncc(s1)Oc1ccc(c(c1)C)C(=O)O,C27H28N2O8S2,572.65,39,17,0.37,11,9,2,144.04,177.74,n/d,3.99,5.26,1.46,4.23,3.73,-5.50,1.81e-03,3.16e-06,Moderately soluble,-7.42,2.16e-05,3.77e-08,Poorly soluble,-6.78,9.59e-05,1.67e-07,Poorly soluble,Low,No,Yes,n/d,n/d,n/d,n/d,n/d,-6.96,1,2,2,1,1,0.11,0,0,3,4.73
GKA_0541,COC[C@@H](Oc1cc(CCc2ccc(cc2F)F)cc(c1)C(=O)Nc1ccn(n1)C)C,C23H25F2N3O3,429.46,31,17,0.30,10,6,1,113.88,65.38,n/d,4.08,4.80,3.66,3.69,4.06,-4.82,6.52e-03,1.52e-05,Moderately soluble,-5.16,2.98e-03,6.95e-06,Moderately soluble,-7.81,6.71e-06,1.56e-08,Poorly soluble,High,Yes,No,n/d,n/d,n/d,n/d,n/d,-6.02,0,0,0,0,0,0.55,0,0,3,3.65
GKA_0548,CCOP(=O)(Cn1ccc(n1)NC(=O)c1cc(OC(C)C)cc(c1)Oc1cnc(cn1)C(=O)NC)OCC,C24H31N6O7P,546.51,38,17,0.38,15,10,2,138.97,165.60,n/d,1.52,3.75,-0.27,0.16,1.29,-3.53,1.62e-01,2.97e-04,Soluble,-4.61,1.35e-02,2.48e-05,Moderately soluble,-6.65,1.23e-04,2.25e-07,Poorly soluble,Low,No,Yes,n/d,n/d,n/d,n/d,n/d,-8.55,2,2,2,1,1,0.17,0,1,2,4.54
GKA_0555,OCCOC[C@@H](C(=O)Nc1ccc(cn1)Cl)Oc1ncnc2c1cnn2c1ccccc1Cl,C21H18Cl2N6O4,489.31,33,21,0.19,10,8,2,121.47,124.28,n/d,2.77,2.72,1.61,1.42,2.13,-4.43,1.82e-02,3.72e-05,Moderately soluble,-5.04,4.51e-03,9.21e-06,Moderately soluble,-7.24,2.82e-05,5.75e-08,Poorly soluble,High,No,Yes,n/d,n/d,n/d,n/d,n/d,-7.32,0,1,0,0,0,0.55,0,0,2,3.76
GKA_0562,Cc1csc(n1)NC(=O)c1cc(Sc2nccn2C)c(cc1N)F,C15H14FN5OS2,363.43,24,16,0.13,5,4,2,93.27,139.37,n/d,2.99,3.55,1.22,1.86,2.40,-4.14,2.63e-02,7.24e-05,Moderately soluble,-5.58,9.54e-04,2.63e-06,Moderately soluble,-5.10,2.88e-03,7.93e-06,Moderately soluble,Low,No,No,n/d,n/d,n/d,n/d,n/d,-6.39,0,0,0,1,0,0.55,0,1,1,2.78
GKA_0569,COCC(Oc1cc(Oc2ccc(cc2)C(=O)N2CCC2)cc(c1)C(=O)Nc1nc2c(s1)CN(CC2)C(=O)OC(C)(C)C)C,C32H38N4O7S,622.73,44,17,0.44,14,8,1,174.53,147.77,n/d,4.29,4.64,2.00,5.20,4.03,-5.77,1.07e-03,1.72e-06,Moderately soluble,-7.11,4.88e-05,7.83e-08,Poorly soluble,-7.63,1.47e-05,2.37e-08,Poorly soluble,Low,No,Yes,n/d,n/d,n/d,n/d,n/d,-7.05,2,3,2,1,1,0.17,0,0,3,5.36
GKA_0576,OCCn1nnc(c1)c1cnc(s1)NC(=O)[C@@H](c1ccc(cc1)S(=O)(=O)C1CC1)CC1CCOCC1,C24H29N5O5S2,531.65,36,16,0.50,11,8,2,135.57,172.92,n/d,1.55,3.70,1.23,2.04,2.13,-3.72,1.02e-01,1.92e-04,Soluble,-4.79,8.60e-03,1.62e-05,Moderately soluble,-5.87,7.24e-04,1.36e-06,Moderately soluble,Low,No,Yes,n/d,n/d,n/d,n/d,n/d,-8.44,1,2,2,1,1,0.55,0,0,2,4.74
GKA_0583,O=C([C@@H](n1ccc(cc1=O)S(=O)(=O)C(C)C)CC1CCCC1)Nc1ccc(cn1)C,C22H29N3O4S,431.55,30,12,0.50,8,5,1,117.99,106.51,n/d,4.77,4.38,2.00,-0.38,2.69,-5.29,2.22e-03,5.14e-06,Moderately soluble,-6.74,7.89e-05,1.83e-07,Poorly soluble,-4.56,1.19e-02,2.75e-05,Moderately soluble,High,No,No,n/d,n/d,n/d,n/d,n/d,-5.55,0,0,0,0,0,0.55,0,0,3,4.00
GKA_0590,O=C([C@@H](n1ccc(cc1=O)S(=O)(=O)C(C)C)CC1CCCCC1)Nc1ccc(cn1)C,C23H31N3O4S,445.57,31,12,0.52,8,5,1,122.80,106.51,n/d,5.31,4.77,2.21,-0.14,3.04,-5.71,8.76e-04,1.97e-06,Moderately soluble,-7.30,2.24e-05,5.03e-08,Poorly soluble,-4.83,6.65e-03,1.49e-05,Moderately soluble,High,No,No,n/d,n/d,n/d,n/d,n/d,-5.25,0,0,0,0,1,0.55,0,0,3,4.11
GKA_0597,N#Cc1ccc(nc1)NC(=O)[C@@H](Oc1ncnc2c1cnn2c1c(Cl)cccc1Cl)CN1CC(C1)O,C23H18Cl2N8O3,525.35,36,21,0.22,8,9,2,134.60,142.08,n/d,2.52,1.88,1.06,0.79,1.56,-4.59,1.36e-02,2.58e-05,Moderately soluble,-5.15,3.72e-03,7.08e-06,Moderately soluble,-6.67,1.12e-04,2.13e-07,Poorly soluble,Low,No,Yes,n/d,n/d,n/d,n/d,n/d,-7.72,2,2,1,1,0,0.17,0,0,2,4.07
GKA_0604,CNC(=O)Nc1ncc(cc1Oc1cccnc1C)SC1CCN(CC1)C(=O)OC(C)(C)C,C23H31N5O4S,473.59,33,12,0.48,10,6,2,132.41,130.98,n/d,3.00,4.25,2.14,2.39,2.94,-4.28,2.51e-02,5.30e-05,Moderately soluble,-5.41,1.82e-03,3.85e-06,Moderately soluble,-6.09,3.83e-04,8.09e-07,Poorly soluble,Low,No,Yes,n/d,n/d,n/d,n/d,n/d,-7.06,0,1,0,0,0,0.55,0,0,2,4.20
GKA_0611,COC[C@@H](Oc1cc(/C=C/c2ccc(cc2)[N+](=O)[O-])cc(c1)C(=O)Nc1ccc(cn1)C(=O)O)C,C25H23N3O7,477.47,35,18,0.16,11,8,2,131.60,143.57,n/d,3.90,4.12,0.39,2.17,2.64,-4.91,5.85e-03,1.23e-05,Moderately soluble,-6.61,1.16e-04,2.44e-07,Poorly soluble,-6.46,1.66e-04,3.48e-07,Poorly soluble,Low,No,No,n/d,n/d,n/d,n/d,n/d,-6.44,0,1,2,1,0,0.56,0,3,3,3.89
GKA_0618,COc1ccc2c(n1)sc(n2)NC(=O)C(c1ccc(cc1)S(=O)(=O)N(C)C)CC1CCCC1,C23H28N4O4S2,488.62,33,15,0.43,9,7,1,130.23,138.11,n/d,4.79,5.14,2.15,3.64,3.93,-5.63,1.15e-03,2.35e-06,Moderately soluble,-7.42,1.85e-05,3.78e-08,Poorly soluble,-6.72,9.23e-05,1.89e-07,Poorly soluble,Low,No,No,n/d,n/d,n/d,n/d,n/d,-5.88,0,2,0,1,0,0.55,0,0,3,4.22
GKA_0625,CC(OC[C@@H](C(=O)Nc1cnc(cn1)C)Oc1ncnc2c1cnn2c1ccccc1Cl)C,C22H22ClN7O3,467.91,33,21,0.27,9,8,1,122.86,116.94,n/d,2.96,3.19,1.61,1.56,2.33,-4.48,1.54e-02,3.29e-05,Moderately soluble,-5.08,3.91e-03,8.35e-06,Moderately soluble,-7.25,2.63e-05,5.62e-08,Poorly soluble,High,No,No,n/d,n/d,n/d,n/d,n/d,-7.05,0,0,0,0,0,0.55,0,0,2,3.99
GKA_0632,Cc1csc(n1)Nc1ncc(cc1OCc1ccccc1)SCCn1cncc1,C21H21N5OS2,423.55,29,22,0.19,9,4,1,118.49,118.40,n/d,4.19,5.01,1.82,3.39,3.60,-5.07,3.58e-03,8.45e-06,Moderately soluble,-6.39,1.74e-04,4.12e-07,Poorly soluble,-7.89,5.42e-06,1.28e-08,Poorly soluble,Low,No,No,n/d,n/d,n/d,n/d,n/d,-5.91,0,0,0,0,0,0.55,0,0,3,3.71
GKA_0639,COc1ccc(cc1Cl)C(c1cc2c([nH]1)nccc2)CC1CCCC1,C21H23ClN2O,354.87,25,15,0.38,5,2,1,103.78,37.91,n/d,6.22,5.94,4.35,6.15,5.66,-6.07,3.00e-04,8.46e-07,Poorly soluble,-6.80,5.60e-05,1.58e-07,Poorly soluble,-7.74,6.43e-06,1.81e-08,Poorly soluble,High,Yes,Yes,n/d,n/d,n/d,n/d,n/d,-4.05,1,1,0,1,1,0.55,0,0,2,3.33
GKA_0646,CC(Cc1csc(n1)Nc1ncc(cc1OCc1ccccc1)Br)C,C19H20BrN3OS,418.35,25,17,0.26,7,3,1,107.52,75.28,n/d,5.87,5.67,3.13,5.85,5.13,-6.17,2.81e-04,6.71e-07,Poorly soluble,-7.22,2.50e-05,5.98e-08,Poorly soluble,-8.14,3.04e-06,7.28e-09,Poorly soluble,High,No,No,n/d,n/d,n/d,n/d,n/d,-4.68,0,1,0,0,1,0.55,0,0,2,3.44
GKA_0653,O=C(c1cc(OCc2ccccc2)cc(c1)OCc1ccccc1)Nc1ccc(cn1)C(=O)O,C27H22N2O5,454.47,34,24,0.07,10,6,2,127.37,97.75,n/d,4.48,4.70,1.64,4.50,3.83,-5.34,2.07e-03,4.54e-06,Moderately soluble,-6.25,2.54e-04,5.59e-07,Poorly soluble,-9.11,3.52e-07,7.74e-10,Poorly soluble,High,No,No,n/d,n/d,n/d,n/d,n/d,-5.89,0,0,0,0,0,0.56,0,0,3,3.09
GKA_0660,O=C(/C(=N/N1CCCC1)/c1ccc(cc1)S(=O)(=O)C1CC1)Nc1nccs1,C18H20N4O3S2,404.51,27,11,0.39,7,5,1,109.12,128.35,n/d,3.02,2.96,1.54,2.90,2.60,-4.09,3.29e-02,8.13e-05,Moderately soluble,-5.38,1.68e-03,4.16e-06,Moderately soluble,-4.79,6.52e-03,1.61e-05,Moderately soluble,High,No,No,n/d,n/d,n/d,n/d,n/d,-6.62,0,0,0,0,0,0.55,0,1,1,3.48
GKA_0667,CCOC(=O)CCCn1nnc(c1)c1cnc(s1)NC(=O)C(c1ccc(cc1)S(=O)(=O)C1CC1)CC1CCOCC1,C28H35N5O6S2,601.74,41,16,0.54,15,9,1,154.92,178.99,n/d,2.79,5.05,2.02,3.36,3.30,-4.63,1.42e-02,2.36e-05,Moderately soluble,-6.21,3.75e-04,6.23e-07,Poorly soluble,-7.24,3.48e-05,5.78e-08,Poorly soluble,Low,No,Yes,n/d,n/d,n/d,n/d,n/d,-7.99,2,3,2,1,2,0.17,0,0,2,5.14
GKA_0674,CS(=O)(=O)N1CCC(CC1)c1nsc(n1)Nc1ncc(cc1Oc1ccccc1)Sc1ccccn1,C24H24N6O3S3,540.68,36,23,0.25,8,8,1,144.79,172.12,n/d,4.62,5.85,1.27,3.26,3.75,-6.05,4.85e-04,8.96e-07,Poorly soluble,-7.96,5.93e-06,1.10e-08,Poorly soluble,-8.21,3.33e-06,6.15e-09,Poorly soluble,Low,No,Yes,n/d,n/d,n/d,n/d,n/d,-6.32,1,3,1,1,1,0.55,0,0,3,4.39
GKA_0681,CC(Oc1cc(Oc2ncc(nc2)C(=O)N(C)C)cc(c1)c1nccc(=O)[nH]1)C,C20H21N5O4,395.41,29,18,0.25,7,7,1,106.40,110.30,n/d,2.86,2.51,0.45,1.66,1.87,-4.09,3.21e-02,8.12e-05,Moderately soluble,-4.84,5.78e-03,1.46e-05,Moderately soluble,-5.07,3.33e-03,8.43e-06,Moderately soluble,High,No,No,n/d,n/d,n/d,n/d,n/d,-6.68,0,0,0,0,0,0.55,0,0,1,3.40
GKA_0688,OCCOC[C@@H](C(=O)Nc1ccc(cn1)F)Oc1ncnc2c1cnn2c1c(Cl)cccc1C#N,C22H17ClFN7O4,497.87,35,21,0.18,10,10,2,121.13,148.07,n/d,1.96,2.50,1.16,1.26,1.72,-3.95,5.64e-02,1.13e-04,Soluble,-4.69,1.01e-02,2.02e-05,Moderately soluble,-6.98,5.21e-05,1.05e-07,Poorly soluble,Low,No,Yes,n/d,n/d,n/d,n/d,n/d,-7.95,1,1,1,1,0,0.55,0,0,2,3.88
GKA_0695,CCS(=O)(=O)c1ccc(cc1)Oc1cc2nc([nH]c2cc1CNC(=O)C)c1ccccn1,C23H22N4O4S,450.51,32,21,0.17,8,6,2,121.32,122.42,n/d,2.36,4.78,1.54,3.88,3.14,-4.08,3.77e-02,8.36e-05,Moderately soluble,-4.57,1.21e-02,2.69e-05,Moderately soluble,-8.70,8.99e-07,2.00e-09,Poorly soluble,Low,No,Yes,n/d,n/d,n/d,n/d,n/d,-7.37,0,0,0,0,0,0.55,0,0,2,3.22
GKA_0702,O=C([C@@H](c1ccc(cc1)S(=O)(=O)C1CC1)CC1CCOCC1)Nc1nccs1,C20H24N2O4S2,420.55,28,11,0.50,8,5,1,109.32,121.98,n/d,2.84,4.45,2.06,3.97,3.33,-4.00,4.21e-02,1.00e-04,Soluble,-5.06,3.66e-03,8.71e-06,Moderately soluble,-5.59,1.08e-03,2.56e-06,Moderately soluble,Low,No,Yes,n/d,n/d,n/d,n/d,n/d,-6.85,0,0,0,0,0,0.55,0,0,2,3.69
GKA_0709,COC[C@@H](Oc1cc(OC(C)C)cc(c1)C(=O)Nc1ccc(cn1)C(=O)O)C,C20H24N2O6,388.41,28,12,0.35,10,7,2,103.51,106.98,n/d,2.57,3.04,-0.06,2.75,2.07,-3.52,1.16e-01,2.99e-04,Soluble,-4.46,1.33e-02,3.43e-05,Moderately soluble,-5.12,2.95e-03,7.59e-06,Moderately soluble,High,No,Yes,n/d,n/d,n/d,n/d,n/d,-6.84,0,0,0,0,0,0.56,0,0,2,3.38
GKA_0716,OC[C@H](OC[C@@H](C(=O)Nc1ccc(cn1)C#N)Oc1ncnc2c1cnn2c1ncccc1Cl)C,C22H19ClN8O4,494.89,35,21,0.23,10,10,2,123.78,160.96,n/d,1.56,1.72,0.43,0.49,1.05,-3.68,1.05e-01,2.11e-04,Soluble,-4.55,1.39e-02,2.82e-05,Moderately soluble,-6.36,2.15e-04,4.34e-07,Poorly soluble,Low,No,Yes,n/d,n/d,n/d,n/d,n/d,-8.21,1,1,1,1,1,0.55,0,0,2,4.30
GKA_0723,CCOP(=O)(Cn1ccc(n1)NC(=O)c1cc(OC(C)C)cc(c1)Oc1cnc(cn1)C(=O)N)OCC,C23H29N6O7P,532.49,37,17,0.35,14,10,2,134.07,179.59,n/d,1.12,3.48,-0.48,-0.32,0.95,-3.26,2.91e-01,5.46e-04,Soluble,-4.48,1.74e-02,3.27e-05,Moderately soluble,-5.87,7.23e-04,1.36e-06,Moderately soluble,Low,No,Yes,n/d,n/d,n/d,n/d,n/d,-8.75,2,2,2,1,1,0.17,0,1,2,4.42
GKA_0730,COC[C@@H](Oc1cc(Oc2ccc(cc2)C(=O)N2CCC2)cc(c1)C(=O)Nc1nc2c(s1)CN(CC2)C(=O)OC)C,C29H32N4O7S,580.65,41,17,0.38,13,8,1,160.07,147.77,n/d,3.30,3.47,1.43,4.29,3.12,-4.97,6.25e-03,1.08e-05,Moderately soluble,-6.08,4.84e-04,8.34e-07,Poorly soluble,-6.86,8.03e-05,1.38e-07,Poorly soluble,Low,No,Yes,n/d,n/d,n/d,n/d,n/d,-7.50,2,3,2,1,0,0.17,0,0,2,4.97
GKA_0737,CNC(=O)Nc1ncc(c(c1)Oc1cncc(c1)OC)[C@H]1COCCC1(F)F,C18H20F2N4O4,394.37,28,12,0.39,7,8,2,95.85,94.60,n/d,1.33,3.82,0.89,2.26,2.08,-2.98,4.15e-01,1.05e-03,Soluble,-2.92,4.76e-01,1.21e-03,Soluble,-5.85,5.58e-04,1.42e-06,Moderately soluble,High,No,Yes,n/d,n/d,n/d,n/d,n/d,-7.76,0,0,0,0,0,0.55,0,0,1,3.97
GKA_0744,COC[C@@H](Oc1cc(/C=C/c2cc(F)cc(c2F)F)cc(c1)C(=O)Nc1ccc(cn1)C(=O)O)C,C25H21F3N2O5,486.44,35,18,0.16,10,9,2,122.65,97.75,n/d,4.37,5.89,2.08,5.60,4.48,-5.33,2.28e-03,4.68e-06,Moderately soluble,-6.14,3.53e-04,7.27e-07,Poorly soluble,-7.91,6.03e-06,1.24e-08,Poorly soluble,Low,No,No,n/d,n/d,n/d,n/d,n/d,-6.16,0,2,0,1,0,0.56,0,2,3,3.78
GKA_0751,Cn1ccc(n1)NC(=O)c1cc(Oc2ccc(cc2)S(=O)(=O)C)cc(c1)c1ncccc1C,C24H22N4O4S,462.52,33,23,0.12,7,6,1,125.51,111.56,n/d,3.12,5.13,2.53,1.87,3.16,-4.73,8.67e-03,1.88e-05,Moderately soluble,-5.13,3.42e-03,7.39e-06,Moderately soluble,-8.28,2.42e-06,5.24e-09,Poorly soluble,High,No,No,n/d,n/d,n/d,n/d,n/d,-6.91,0,0,0,0,0,0.55,0,0,1,3.35
GKA_0758,CC(Oc1cc(Oc2ccc(cc2)S(=O)(=O)C)cc(c1)c1nccc(=O)[nH]1)C,C20H20N2O5S,400.45,28,18,0.20,6,6,1,106.01,106.73,n/d,4.11,4.50,1.95,2.52,3.27,-4.99,4.08e-03,1.02e-05,Moderately soluble,-6.06,3.51e-04,8.76e-07,Poorly soluble,-6.07,3.43e-04,8.57e-07,Poorly soluble,High,No,No,n/d,n/d,n/d,n/d,n/d,-5.82,0,0,0,0,0,0.55,0,0,2,3.02
GKA_0765,Cc1cnc(cn1)NC(=O)c1cc(Oc2ccc(cc2)S(=O)(=O)C)c2c(c1)oc(c2)C,C22H19N3O5S,437.47,31,21,0.14,6,7,1,115.56,119.77,n/d,2.92,5.18,1.59,3.39,3.27,-4.50,1.39e-02,3.18e-05,Moderately soluble,-5.10,3.50e-03,8.01e-06,Moderately soluble,-8.29,2.23e-06,5.11e-09,Poorly soluble,Low,No,No,n/d,n/d,n/d,n/d,n/d,-6.90,0,0,0,0,0,0.55,0,0,1,3.46
GKA_0772,CNC(=O)Nc1ncc(c(c1)Oc1cncc(c1)OC)[C@@H]1COCC[C@@H]1O,C18H22N4O5,374.39,27,12,0.39,7,7,3,96.87,114.83,n/d,0.04,1.70,-0.12,0.95,0.65,-2.05,3.31e+00,8.84e-03,Soluble,-2.00,3.71e+00,9.91e-03,Soluble,-4.51,1.15e-02,3.07e-05,Moderately soluble,High,No,Yes,n/d,n/d,n/d,n/d,n/d,-8.56,0,0,0,0,0,0.55,0,0,1,4.26
GKA_0779,CCc1csc(n1)NC(=O)C(c1ccc(cc1)S(=O)(=O)C)CC1CCOCC1,C20H26N2O4S2,422.56,28,11,0.50,8,5,1,111.59,121.98,n/d,3.12,4.54,1.65,4.44,3.44,-4.19,2.74e-02,6.48e-05,Moderately soluble,-5.35,1.89e-03,4.46e-06,Moderately soluble,-6.17,2.86e-04,6.78e-07,Poorly soluble,Low,No,Yes,n/d,n/d,n/d,n/d,n/d,-6.66,0,0,0,0,0,0.55,0,0,2,3.82
B3D_0009,NC(=Nc1scc(n1)c1ccc(c(c1)O)O)N,C10H10N4O2S,250.28,17,11,0.00,2,4,4,66.22,145.99,n/d,1.05,1.13,-0.07,1.27,0.84,-2.40,9.96e-01,3.98e-03,Soluble,-3.71,4.92e-02,1.97e-04,Soluble,-2.04,2.27e+00,9.08e-03,Soluble,Low,No,No,n/d,n/d,n/d,n/d,n/d,-7.08,0,0,1,1,0,0.55,1,3,0,2.70
B3D_0016,CN1CCN(C1=Nc1ccccc1C)C,C12H17N3,203.28,15,6,0.42,1,1,0,71.35,18.84,n/d,1.71,1.10,2.26,2.08,1.79,-2.41,7.95e-01,3.91e-03,Soluble,-1.72,3.86e+00,1.90e-02,Very soluble,-3.10,1.61e-01,7.93e-04,Soluble,High,Yes,No,n/d,n/d,n/d,n/d,n/d,-6.33,0,0,0,0,0,0.55,0,1,1,2.66
B3D_0023,OC(=O)/C=C/c1cccc(n1)/C(=C/CN1CCCC1)/c1ccc(cc1)C,C22H24N2O2,348.44,26,12,0.27,6,4,1,109.18,53.43,n/d,1.63,3.53,2.76,4.47,3.10,-2.97,3.71e-01,1.06e-03,Soluble,-2.36,1.50e+00,4.32e-03,Soluble,-5.29,1.77e-03,5.08e-06,Moderately soluble,High,Yes,Yes,n/d,n/d,n/d,n/d,n/d,-7.27,0,0,0,0,0,0.55,0,1,0,3.18
B3D_0032,COCN[C@@H]1[C@H](OC(CC)CC)C=C(C[C@@H]1N)C(=O)O,C14H26N2O4,286.37,20,0,0.79,8,6,3,76.27,93.81,n/d,-1.66,0.86,0.22,0.37,-0.05,-0.04,2.60e+02,9.08e-01,Very soluble,0.20,4.55e+02,1.59e+00,Highly soluble,-1.57,7.64e+00,2.67e-02,Soluble,High,No,Yes,n/d,n/d,n/d,n/d,n/d,-9.23,0,0,0,0,0,0.55,0,1,1,4.54
B3D_0039,OCC(c1onc(n1)c1ncn2c1CN(C)C(=O)c1c2cccc1Cl)(CO)C,C18H18ClN5O4,403.82,28,16,0.33,4,7,2,103.32,117.51,n/d,0.55,0.87,0.78,0.40,0.65,-2.85,5.72e-01,1.42e-03,Soluble,-2.59,1.04e+00,2.57e-03,Soluble,-4.71,7.87e-03,1.95e-05,Moderately soluble,High,No,Yes,n/d,n/d,n/d,n/d,n/d,-8.37,0,0,0,0,0,0.55,0,0,1,3.76
B3D_0046,CC(=O)Nc1cccc(c1)c1csc(n1)N=C(N)N,C12H13N5OS,275.33,19,11,0.08,4,3,3,76.49,134.63,n/d,0.89,1.48,0.15,1.83,1.09,-2.27,1.47e+00,5.34e-03,Soluble,-3.30,1.37e-01,4.99e-04,Soluble,-3.57,7.36e-02,2.67e-04,Soluble,High,No,No,n/d,n/d,n/d,n/d,n/d,-7.35,0,0,0,1,0,0.55,0,2,0,2.73
B3D_0053,Clc1ccc2c(c1)C(=NC(c1n2c(C)nn1)O)c1ccccc1,C17H13ClN4O,324.76,23,17,0.12,1,4,1,91.81,63.30,n/d,1.57,2.37,3.42,2.11,2.36,-3.32,1.54e-01,4.75e-04,Soluble,-2.51,1.00e+00,3.09e-03,Soluble,-5.83,4.77e-04,1.47e-06,Moderately soluble,High,Yes,Yes,n/d,n/d,n/d,n/d,n/d,-7.17,0,0,0,0,0,0.55,0,0,0,3.84
B3D_0060,CCOc1ccc(c2c1cccc2)C(=O)c1cccc2c1cccc2,C23H18O2,326.39,25,20,0.09,4,2,0,102.63,26.30,n/d,6.10,5.62,4.33,5.90,5.49,-6.03,3.01e-04,9.23e-07,Poorly soluble,-6.43,1.20e-04,3.69e-07,Poorly soluble,-8.72,6.19e-07,1.90e-09,Poorly soluble,High,Yes,Yes,n/d,n/d,n/d,n/d,n/d,-3.96,1,1,0,0,1,0.55,0,0,1,1.99
B3D_0067,COc1cccnc1CCCCNc1ncc(c(=O)[nH]1)Cc1cccc(n1)C,C21H25N5O2,379.46,28,18,0.33,9,5,2,109.57,92.79,n/d,4.12,2.71,1.37,3.55,2.94,-4.67,8.11e-03,2.14e-05,Moderately soluble,-5.78,6.37e-04,1.68e-06,Moderately soluble,-7.53,1.11e-05,2.93e-08,Poorly soluble,High,No,No,n/d,n/d,n/d,n/d,n/d,-5.69,0,0,0,0,0,0.55,0,0,3,3.34
B3D_0074,COc1ccc2c(c1)C(CC(=O)O)C(N2C(=O)c1ccc(cc1)Cl)C,C19H18ClNO4,359.80,25,12,0.26,5,4,1,99.04,66.84,n/d,3.30,3.58,3.04,3.19,3.27,-4.17,2.40e-02,6.68e-05,Moderately soluble,-4.38,1.50e-02,4.18e-05,Moderately soluble,-5.15,2.53e-03,7.03e-06,Moderately soluble,High,Yes,No,n/d,n/d,n/d,n/d,n/d,-6.15,0,0,0,0,0,0.85,0,0,1,3.10
B3D_0081,CO[C@H]1CN(CCC1n1c(C)nc2c1ccc(c2)C)CC1Cc2c(C1)ccc(c2)NC(=O)C(C)C,C29H38N4O2,474.64,35,15,0.52,7,4,1,146.43,59.39,n/d,4.73,4.35,3.35,3.49,3.98,-5.62,1.14e-03,2.41e-06,Moderately soluble,-5.71,9.33e-04,1.96e-06,Moderately soluble,-7.45,1.69e-05,3.56e-08,Poorly soluble,High,Yes,Yes,n/d,n/d,n/d,n/d,n/d,-5.84,0,2,0,0,0,0.55,0,0,2,4.68
B3D_0088,CCCCCCCCCCCCCCCCOP(=O)(OCC[N+](C)(C)C)[O-],C21H46NO4P,407.57,27,0,1.00,20,4,0,115.90,68.40,n/d,6.79,6.75,-0.08,3.03,4.12,-5.32,1.93e-03,4.74e-06,Moderately soluble,-8.03,3.77e-06,9.26e-09,Poorly soluble,-7.20,2.55e-05,6.25e-08,Poorly soluble,Low,No,Yes,n/d,n/d,n/d,n/d,n/d,-3.97,0,2,1,1,2,0.55,0,2,3,5.12
B3D_0095,CCCCC1C(=O)N(N(C1=O)c1ccccc1)c1ccccc1,C19H20N2O2,308.37,23,12,0.26,5,2,0,97.76,40.62,n/d,3.16,3.03,3.51,2.89,3.15,-3.80,4.90e-02,1.59e-04,Soluble,-3.68,6.39e-02,2.07e-04,Soluble,-5.55,8.67e-04,2.81e-06,Moderately soluble,High,Yes,No,n/d,n/d,n/d,n/d,n/d,-5.94,0,0,0,0,0,0.55,1,1,0,2.66
B3D_0102,Fc1ccc(c(c1)F)CCN1CCC(CC1)S(=O)(=O)c1ccc(cc1)C(=O)N,C20H22F2N2O3S,408.46,28,12,0.35,6,6,1,105.57,88.85,n/d,2.78,4.08,3.19,3.25,3.33,-4.05,3.68e-02,9.02e-05,Moderately soluble,-4.30,2.04e-02,4.99e-05,Moderately soluble,-6.21,2.54e-04,6.22e-07,Poorly soluble,High,No,No,n/d,n/d,n/d,n/d,n/d,-6.82,0,0,0,0,0,0.55,0,0,1,2.93
B3D_0109,OC(=O)C1(N)CCCC1,C6H11NO2,129.16,9,0,0.83,1,3,2,33.36,63.32,n/d,-2.58,0.34,-2.21,0.31,-1.04,1.05,1.45e+03,1.12e+01,Highly soluble,1.80,8.08e+03,6.26e+01,Highly soluble,-0.23,7.55e+01,5.85e-01,Soluble,High,No,No,n/d,n/d,n/d,n/d,n/d,-8.92,0,2,0,0,2,0.55,0,0,1,1.20
B3D_0116,OCC(C(C)C)Nc1cc(nc2n1nc(c2C(=O)N)Nc1cc(OC)cc(c1)OC)C1CC1,C23H30N6O4,454.52,33,15,0.43,10,6,4,125.77,136.03,n/d,3.18,2.64,1.29,0.59,1.93,-4.34,2.09e-02,4.59e-05,Moderately soluble,-5.71,8.91e-04,1.96e-06,Moderately soluble,-5.35,2.02e-03,4.44e-06,Moderately soluble,High,No,Yes,n/d,n/d,n/d,n/d,n/d,-6.81,0,0,0,1,0,0.55,0,0,2,4.35
B3D_0123,CN1CCCCC1CCN1C(CSc2c1cccc2)C(=O)C,C18H26N2OS,318.48,22,6,0.61,4,2,0,101.35,48.85,n/d,3.42,2.67,2.83,3.10,3.01,-3.91,3.95e-02,1.24e-04,Soluble,-4.13,2.38e-02,7.48e-05,Moderately soluble,-4.17,2.15e-02,6.75e-05,Moderately soluble,High,Yes,No,n/d,n/d,n/d,n/d,n/d,-5.81,0,0,0,0,0,0.55,0,0,0,4.02
B3D_0130,FC1CC2C(C1O)(C)CCC1C2CCc2c1ccc(c2)O,C18H23FO2,290.37,21,6,0.67,0,3,2,81.08,40.46,n/d,3.48,3.98,3.65,3.24,3.59,-4.04,2.62e-02,9.03e-05,Moderately soluble,-4.01,2.82e-02,9.73e-05,Moderately soluble,-3.79,4.70e-02,1.62e-04,Soluble,High,Yes,Yes,n/d,n/d,n/d,n/d,n/d,-5.60,0,0,0,0,0,0.55,0,0,0,3.68
B3D_0137,CCOC(=O)c1ncn2c1CN(C)C(=O)c1c2ccc(c1)F,C15H14FN3O3,303.29,22,11,0.27,3,5,0,79.47,64.43,n/d,1.00,1.66,1.61,0.56,1.21,-2.52,9.11e-01,3.00e-03,Soluble,-1.94,3.47e+00,1.14e-02,Very soluble,-3.84,4.36e-02,1.44e-04,Soluble,High,Yes,No,n/d,n/d,n/d,n/d,n/d,-7.44,0,0,0,0,0,0.55,0,0,0,3.06
B3D_0144,CN(c1ccc(o1)c1cccc(c1)Nc1[nH]ccc1[N+](=O)[O-])C,C16H16N4O3,312.32,23,16,0.12,5,3,2,91.07,90.02,n/d,4.15,3.99,1.29,-0.01,2.36,-4.58,8.30e-03,2.66e-05,Moderately soluble,-5.75,5.58e-04,1.79e-06,Moderately soluble,-4.36,1.38e-02,4.42e-05,Moderately soluble,High,No,No,n/d,n/d,n/d,n/d,n/d,-5.26,0,0,0,0,0,0.55,0,2,1,3.44
B3D_0151,[O-][N+](=O)c1nccn1CCCF,C6H8FN3O2,173.15,12,5,0.50,4,4,0,41.98,63.64,n/d,1.06,1.57,1.02,-2.00,0.41,-1.63,4.10e+00,2.37e-02,Very soluble,-1.99,1.78e+00,1.03e-02,Very soluble,-1.28,9.00e+00,5.20e-02,Soluble,High,Yes,No,n/d,n/d,n/d,n/d,n/d,-6.60,0,0,0,0,1,0.55,0,2,1,2.09
B3D_0158,OC[C@H]1C=C[C@@H](C1)n1cnc2c1nc(N)nc2NC1CC1,C14H18N6O,286.33,21,9,0.50,4,4,3,80.40,101.88,n/d,0.87,0.85,0.54,-1.42,0.21,-2.22,1.74e+00,6.07e-03,Soluble,-2.59,7.30e-01,2.55e-03,Soluble,-1.92,3.44e+00,1.20e-02,Soluble,High,No,Yes,n/d,n/d,n/d,n/d,n/d,-7.43,0,0,0,0,0,0.55,0,1,0,3.77
B3D_0165,OCC(=O)[C@@]1(O)CC[C@@H]2[C@]1(C)CC(O)[C@H]1[C@H]2CCC2=CC(=O)C=C[C@]12C,C21H28O5,360.44,26,0,0.71,2,5,3,97.06,94.83,n/d,1.62,1.56,1.30,2.06,1.64,-2.96,3.92e-01,1.09e-03,Soluble,-3.22,2.15e-01,5.97e-04,Soluble,-2.17,2.45e+00,6.81e-03,Soluble,High,No,Yes,n/d,n/d,n/d,n/d,n/d,-7.35,0,0,0,0,0,0.55,0,0,1,5.23
B3D_0172,NC1=NCC2N1c1ccccc1Cc1c2cccc1,C16H15N3,249.31,19,12,0.19,0,1,1,83.49,41.62,n/d,3.51,1.38,3.05,2.60,2.64,-4.06,2.15e-02,8.62e-05,Moderately soluble,-4.07,2.13e-02,8.56e-05,Moderately soluble,-4.80,3.93e-03,1.58e-05,Moderately soluble,High,Yes,Yes,n/d,n/d,n/d,n/d,n/d,-5.33,0,0,0,0,0,0.55,0,0,2,3.60
B3D_0179,CC(c1ccc(cc1)O)(c1ccc(cc1)O)C,C15H16O2,228.29,17,12,0.20,2,2,2,69.44,40.46,n/d,3.32,3.42,3.20,3.29,3.31,-3.74,4.18e-02,1.83e-04,Soluble,-3.85,3.25e-02,1.43e-04,Soluble,-4.59,5.80e-03,2.54e-05,Moderately soluble,High,Yes,No,n/d,n/d,n/d,n/d,n/d,-5.34,0,0,0,0,0,0.55,0,0,1,1.43
B3D_0186,O=C1OCC(=C1c1ccccc1)c1ccc(cc1)S(=O)(=O)C,C17H14O4S,314.36,22,12,0.12,3,4,0,83.69,68.82,n/d,2.27,3.64,2.62,3.27,2.95,-3.42,1.18e-01,3.76e-04,Soluble,-3.35,1.40e-01,4.45e-04,Soluble,-5.92,3.81e-04,1.21e-06,Moderately soluble,High,Yes,No,n/d,n/d,n/d,n/d,n/d,-6.61,0,0,0,0,0,0.55,0,1,0,2.82
B3D_0193,Brc1ccc2c(c1)C(=O)N1CCCC1c1n2cnc1C(=O)OC(C)(C)C,C19H20BrN3O3,418.28,26,11,0.42,3,4,0,104.36,64.43,n/d,3.12,3.18,2.78,1.48,2.64,-4.51,1.28e-02,3.06e-05,Moderately soluble,-4.14,3.02e-02,7.21e-05,Moderately soluble,-4.96,4.55e-03,1.09e-05,Moderately soluble,High,Yes,Yes,n/d,n/d,n/d,n/d,n/d,-6.64,0,0,0,0,0,0.55,0,0,1,3.97
B3D_0200,[18F]c1c(C)n(n(c1=O)c1ccccc1)C,C11H11FN2O,205.22,15,11,0.18,1,2,0,56.22,26.93,n/d,3.63,2.04,2.59,-3.50,1.19,-3.88,2.73e-02,1.33e-04,Soluble,-3.88,2.68e-02,1.31e-04,Soluble,-4.25,1.15e-02,5.62e-05,Moderately soluble,High,Yes,No,n/d,n/d,n/d,n/d,n/d,-4.97,0,0,0,0,0,0.55,0,0,2,2.21
B3D_0207,O=C1CCC(C(=O)N1)N1C(=O)c2c(C1=O)cccc2,C13H10N2O4,258.23,19,6,0.23,1,4,1,70.95,83.55,n/d,0.33,-0.67,0.87,1.02,0.39,-1.82,3.94e+00,1.53e-02,Very soluble,-1.65,5.81e+00,2.25e-02,Very soluble,-3.05,2.29e-01,8.85e-04,Soluble,High,No,No,n/d,n/d,n/d,n/d,n/d,-7.64,0,1,0,0,0,0.55,0,1,0,2.17
B3D_0214,O=c1[nH]c(CCCN2CCC(CC2)c2ccccc2)nc2c1cccc2Cl,C22H24ClN3O,381.90,27,16,0.36,5,3,1,115.17,48.99,n/d,5.80,4.01,4.14,4.60,4.64,-5.97,4.09e-04,1.07e-06,Moderately soluble,-6.60,9.62e-05,2.52e-07,Poorly soluble,-7.70,7.62e-06,2.00e-08,Poorly soluble,High,Yes,No,n/d,n/d,n/d,n/d,n/d,-4.51,0,0,0,0,1,0.55,0,0,2,2.82
B3D_0221,C(NCC1CCc2c(O1)cccc2)CCNC1=NCCCN1,C17H26N4O,302.41,22,6,0.59,7,3,3,96.27,57.68,n/d,2.01,0.54,1.86,3.01,1.86,-2.72,5.75e-01,1.90e-03,Soluble,-2.85,4.29e-01,1.42e-03,Soluble,-5.64,6.90e-04,2.28e-06,Moderately soluble,High,No,Yes,n/d,n/d,n/d,n/d,n/d,-6.72,0,0,0,0,0,0.55,0,0,0,3.66
B3D_0228,COC(=O)[C@H]1[C@@H](C)CC(=CC1=O)Nc1ccc(cc1)Cl,C15H16ClNO3,293.75,20,6,0.33,4,3,1,78.11,55.40,n/d,3.34,2.84,2.14,2.70,2.76,-3.72,5.55e-02,1.89e-04,Soluble,-4.18,1.94e-02,6.60e-05,Moderately soluble,-4.37,1.26e-02,4.30e-05,Moderately soluble,High,Yes,No,n/d,n/d,n/d,n/d,n/d,-5.72,0,0,0,0,0,0.55,0,1,0,3.48
B3D_0235,CN1C(=O)C2N(C)CN=C2NC1=O,C7H10N4O2,182.18,13,0,0.57,0,4,1,59.67,65.01,n/d,-1.03,-2.69,-0.72,-0.64,-1.27,-0.32,8.71e+01,4.78e-01,Very soluble,0.15,2.59e+02,1.42e+00,Highly soluble,-0.34,8.31e+01,4.56e-01,Soluble,Low,No,No,n/d,n/d,n/d,n/d,n/d,-8.14,0,1,0,0,1,0.55,0,0,1,3.64
B3D_0242,COc1ccccc1N1CCN(CC1)CCN(C(=O)c1ccc(cc1)F)c1ccccn1,C25H27FN4O2,434.51,32,18,0.28,8,5,0,130.39,48.91,n/d,3.90,3.36,2.71,3.31,3.32,-4.88,5.74e-03,1.32e-05,Moderately soluble,-4.63,1.03e-02,2.37e-05,Moderately soluble,-7.23,2.54e-05,5.85e-08,Poorly soluble,High,Yes,No,n/d,n/d,n/d,n/d,n/d,-6.18,0,1,0,0,0,0.55,0,0,3,3.02
B3D_0249,COc1ccc2c(c1)ccc(c2)[C@@H](C(=O)O)C,C14H14O3,230.26,17,10,0.21,3,3,1,66.79,46.53,n/d,3.34,3.04,2.57,2.90,2.96,-3.61,5.66e-02,2.46e-04,Soluble,-3.99,2.33e-02,1.01e-04,Soluble,-4.02,2.21e-02,9.62e-05,Moderately soluble,High,Yes,No,n/d,n/d,n/d,n/d,n/d,-5.33,0,0,0,0,0,0.85,0,0,1,1.85
B3D_0256,O=C(N1CCC(CC1)CNc1ccncc1)OCc1ccccc1,C19H23N3O2,325.40,24,12,0.37,7,3,1,98.05,54.46,n/d,2.98,2.82,2.09,2.49,2.59,-3.64,7.40e-02,2.28e-04,Soluble,-3.79,5.31e-02,1.63e-04,Soluble,-5.56,8.92e-04,2.74e-06,Moderately soluble,High,Yes,Yes,n/d,n/d,n/d,n/d,n/d,-6.17,0,0,0,0,0,0.55,0,0,0,2.52
B3D_0263,CN1CCCCC1CCN1c2ccccc2Sc2c1cc(cc2)S(=O)(=O)C,C21H26N2O2S2,402.57,27,12,0.43,4,3,0,119.38,74.30,n/d,5.12,4.89,3.95,3.28,4.31,-5.63,9.51e-04,2.36e-06,Moderately soluble,-6.42,1.51e-04,3.76e-07,Poorly soluble,-6.28,2.13e-04,5.28e-07,Poorly soluble,High,No,No,n/d,n/d,n/d,n/d,n/d,-5.12,0,0,0,0,1,0.55,0,0,2,4.19
B3D_0270,OCC(c1ccccc1)C(=O)OC1CC2N(C(C1)C1C2O1)C,C17H21NO4,303.35,22,6,0.59,5,5,1,83.48,62.30,n/d,0.98,0.54,1.19,1.49,1.05,-2.21,1.87e+00,6.17e-03,Soluble,-1.88,4.03e+00,1.33e-02,Very soluble,-2.20,1.93e+00,6.37e-03,Soluble,High,No,No,n/d,n/d,n/d,n/d,n/d,-7.45,0,0,0,0,0,0.55,0,1,0,4.03
B3D_0277,Fc1ccc(cc1)C(=O)CCCN1CCC2(CC1)C(=O)NCN2c1ccccc1,C23H26FN3O2,395.47,29,12,0.39,6,4,1,121.25,52.65,n/d,3.03,2.49,2.86,3.66,3.01,-4.11,3.06e-02,7.74e-05,Moderately soluble,-3.80,6.25e-02,1.58e-04,Soluble,-6.82,5.94e-05,1.50e-07,Poorly soluble,High,Yes,Yes,n/d,n/d,n/d,n/d,n/d,-6.56,0,0,0,0,0,0.55,0,0,1,3.38
B3D_0284,CCC(c1ccccc1)NC(=O)c1c(C)c(nc2c1cccc2)c1ccccc1,C26H24N2O,380.48,29,22,0.15,6,2,1,119.24,41.99,n/d,5.92,5.77,4.32,6.17,5.55,-6.09,3.06e-04,8.05e-07,Poorly soluble,-6.58,1.01e-04,2.65e-07,Poorly soluble,-9.90,4.79e-08,1.26e-10,Poorly soluble,High,Yes,Yes,n/d,n/d,n/d,n/d,n/d,-4.42,1,1,0,0,1,0.55,0,0,2,3.22
B3D_0291,Nc1nc2c(s1)cc(cc2)OC(F)(F)F,C8H5F3N2OS,234.20,15,9,0.12,2,5,1,50.71,76.38,n/d,3.61,4.05,1.44,2.93,3.01,-3.88,3.10e-02,1.32e-04,Soluble,-4.90,2.94e-03,1.26e-05,Moderately soluble,-3.25,1.33e-01,5.69e-04,Soluble,High,Yes,No,n/d,n/d,n/d,n/d,n/d,-5.17,0,0,0,0,0,0.55,0,0,2,2.24
B3D_0298,Fc1ccc(cc1)Cn1c(nc2c1cccc2)N1CCC(CC1)n1ncc(c1)C,C23H24FN5,389.47,29,20,0.30,4,3,0,116.42,38.88,n/d,4.42,4.61,4.02,1.03,3.52,-5.29,2.02e-03,5.18e-06,Moderately soluble,-4.95,4.33e-03,1.11e-05,Moderately soluble,-6.63,9.07e-05,2.33e-07,Poorly soluble,High,Yes,Yes,n/d,n/d,n/d,n/d,n/d,-5.54,0,0,0,0,0,0.55,0,0,2,2.99
B3D_0305,Clc1ccc(c(c1)Cl)N1CCc2c1nc(C)nc2n1ccc(n1)C(F)(F)F,C17H12Cl2F3N5,414.21,27,17,0.24,3,6,0,99.37,46.84,n/d,5.13,5.76,4.06,3.14,4.52,-5.91,5.12e-04,1.24e-06,Moderately soluble,-5.86,5.74e-04,1.39e-06,Moderately soluble,-7.00,4.10e-05,9.91e-08,Poorly soluble,High,Yes,No,n/d,n/d,n/d,n/d,n/d,-5.18,0,1,0,0,1,0.55,0,0,2,3.22
B3D_0312,COc1cc(CNC2CCCNC2c2ccccc2)c2c(c1)CCO2,C21H26N2O2,338.44,25,12,0.43,5,4,2,103.17,42.52,n/d,2.92,2.36,2.50,3.93,2.93,-3.80,5.33e-02,1.57e-04,Soluble,-3.47,1.14e-01,3.36e-04,Soluble,-6.74,6.20e-05,1.83e-07,Poorly soluble,High,Yes,Yes,n/d,n/d,n/d,n/d,n/d,-6.29,0,0,0,0,0,0.55,0,0,0,3.63
B3D_0319,Brc1cc(Cl)c(c(c1)Cl)NC1=NCCN1,C9H8BrCl2N3,308.99,15,6,0.22,2,1,2,74.70,36.42,n/d,2.66,2.17,3.20,3.75,2.95,-3.60,7.84e-02,2.54e-04,Soluble,-3.08,2.59e-01,8.39e-04,Soluble,-5.43,1.14e-03,3.69e-06,Moderately soluble,High,Yes,No,n/d,n/d,n/d,n/d,n/d,-6.30,0,0,0,0,0,0.55,0,0,0,2.91
B3D_0326,Fc1ccc(cc1)C(=O)CCCN1CCC2(CC1)N(CN(C2=O)C)c1ccccc1,C24H28FN3O2,409.50,30,12,0.42,6,4,0,126.15,43.86,n/d,3.21,2.84,2.66,3.61,3.08,-4.30,2.05e-02,5.00e-05,Moderately soluble,-3.80,6.44e-02,1.57e-04,Soluble,-6.48,1.35e-04,3.29e-07,Poorly soluble,High,Yes,Yes,n/d,n/d,n/d,n/d,n/d,-6.52,0,0,0,0,0,0.55,0,0,1,3.49
B3D_0333,Clc1cccc(c1)S(=O)(=O)n1ccc2c1ccc(c2N1CCNCC1)Cl,C18H17Cl2N3O2S,410.32,26,15,0.22,3,3,1,112.39,62.72,n/d,3.95,3.91,3.83,-0.30,2.85,-5.10,3.25e-03,7.92e-06,Moderately soluble,-4.97,4.42e-03,1.08e-05,Moderately soluble,-5.90,5.15e-04,1.26e-06,Moderately soluble,High,Yes,No,n/d,n/d,n/d,n/d,n/d,-6.00,0,0,0,0,0,0.55,0,0,2,3.03
B3D_0340,Cc1cccc2c1Oc1ccccc1C1(C2CNCC1)O,C18H19NO2,281.35,21,12,0.33,0,3,2,85.81,41.49,n/d,2.31,2.58,2.66,3.36,2.73,-3.46,9.70e-02,3.45e-04,Soluble,-2.82,4.26e-01,1.52e-03,Soluble,-5.66,6.23e-04,2.21e-06,Moderately soluble,High,Yes,Yes,n/d,n/d,n/d,n/d,n/d,-6.38,0,0,0,0,0,0.55,0,0,0,3.58
B3D_0347,COc1ccc2c(c1)c(n[nH]2)NC1CCN(CC1)Cc1ccc2c(c1)OCO2,C21H24N4O3,380.44,28,15,0.38,5,5,2,111.17,71.64,n/d,3.74,2.65,2.32,3.19,2.98,-4.62,9.10e-03,2.39e-05,Moderately soluble,-4.94,4.40e-03,1.16e-05,Moderately soluble,-6.20,2.40e-04,6.31e-07,Poorly soluble,High,Yes,Yes,n/d,n/d,n/d,n/d,n/d,-5.97,0,0,0,0,0,0.55,0,0,2,3.02
B3D_0354,CNCCCN1c2ccccc2Sc2c1cccc2,C16H18N2S,270.39,19,12,0.25,4,1,1,85.17,40.57,n/d,4.08,3.52,3.60,3.38,3.64,-4.29,1.39e-02,5.13e-05,Moderately soluble,-4.64,6.24e-03,2.31e-05,Moderately soluble,-6.01,2.65e-04,9.82e-07,Poorly soluble,High,Yes,No,n/d,n/d,n/d,n/d,n/d,-5.05,0,0,0,0,0,0.55,1,0,1,3.00
B3D_0361,N1CCN(CC1)c1ncccn1,C8H12N4,164.21,12,6,0.50,1,3,1,53.39,41.05,n/d,0.49,-0.88,-0.10,0.67,0.05,-1.47,5.55e+00,3.38e-02,Very soluble,-0.92,1.97e+01,1.20e-01,Very soluble,-2.14,1.19e+00,7.24e-03,Soluble,High,No,No,n/d,n/d,n/d,n/d,n/d,-6.95,0,1,0,0,1,0.55,0,0,1,1.80
B3D_0368,CN(CCOC(c1ccccn1)(c1ccccc1)C)C,C17H22N2O,270.37,20,12,0.35,6,3,0,81.59,25.36,n/d,2.46,2.81,1.89,3.12,2.57,-3.11,2.08e-01,7.69e-04,Soluble,-2.64,6.24e-01,2.31e-03,Soluble,-5.64,6.21e-04,2.30e-06,Moderately soluble,High,Yes,No,n/d,n/d,n/d,n/d,n/d,-6.20,0,0,0,0,0,0.55,0,0,0,3.04
B3D_0375,OCCOCCN1CCN(CC1)C1=Nc2ccccc2Sc2c1cccc2,C21H25N3O2S,383.51,27,12,0.38,6,4,1,119.80,73.60,n/d,2.14,1.71,2.93,3.60,2.60,-3.50,1.22e-01,3.17e-04,Soluble,-3.32,1.85e-01,4.81e-04,Soluble,-5.83,5.65e-04,1.47e-06,Moderately soluble,High,Yes,Yes,n/d,n/d,n/d,n/d,n/d,-7.12,0,0,0,0,0,0.55,0,0,1,3.90
B3D_0382,COc1cc(ccc1OCCN1CCCC1)n1cnc2c(c1=O)sc(c2)c1ccc(cc1)Cl,C25H24ClN3O3S,481.99,33,21,0.28,7,5,0,137.38,84.83,n/d,6.39,4.87,3.34,3.54,4.54,-6.86,6.61e-05,1.37e-07,Poorly soluble,-7.96,5.24e-06,1.09e-08,Poorly soluble,-7.87,6.47e-06,1.34e-08,Poorly soluble,High,No,No,n/d,n/d,n/d,n/d,n/d,-4.70,0,2,0,0,1,0.55,0,0,2,3.59
B3D_0389,CCCC(=O)c1ccc2c(c1)N(CCCN1CCN(CC1)C)c1c(S2)cccc1,C24H31N3OS,409.59,29,12,0.46,7,3,0,132.91,52.09,n/d,4.13,3.77,3.60,4.45,3.98,-4.83,6.12e-03,1.49e-05,Moderately soluble,-4.93,4.80e-03,1.17e-05,Moderately soluble,-6.80,6.55e-05,1.60e-07,Poorly soluble,High,Yes,Yes,n/d,n/d,n/d,n/d,n/d,-5.87,0,1,0,0,0,0.55,0,0,2,3.62
B3D_0396,Fc1ccc(cc1)Cn1c(nc2c1cccc2)[C@H]1CNCCS1,C18H18FN3S,327.42,23,15,0.28,3,3,1,97.02,55.15,n/d,3.00,3.32,3.30,2.73,3.09,-4.04,2.95e-02,9.02e-05,Moderately soluble,-3.82,4.93e-02,1.51e-04,Soluble,-6.30,1.62e-04,4.95e-07,Poorly soluble,High,Yes,Yes,n/d,n/d,n/d,n/d,n/d,-6.17,0,0,0,0,0,0.55,0,0,0,3.24
B3D_0403,CC1CCCCC1,C7H14,98.19,7,0,1.00,0,0,0,33.65,0.00,n/d,3.61,2.59,3.48,2.54,3.05,-2.72,1.86e-01,1.89e-03,Soluble,-3.30,4.95e-02,5.04e-04,Soluble,-1.62,2.35e+00,2.39e-02,Soluble,Low,Yes,No,n/d,n/d,n/d,n/d,n/d,-4.34,0,2,0,0,2,0.55,0,0,2,1.55
B3D_0410,ClCCN(c1ccc(cc1)CCCC(=O)OC(C)(C)C)CCCl,C18H27Cl2NO2,360.32,23,6,0.61,11,2,0,99.79,29.54,n/d,3.01,4.64,4.23,5.21,4.27,-3.44,1.32e-01,3.65e-04,Soluble,-3.30,1.83e-01,5.07e-04,Soluble,-6.65,8.03e-05,2.23e-07,Poorly soluble,High,Yes,No,n/d,n/d,n/d,n/d,n/d,-6.36,1,0,1,0,0,0.55,1,1,2,2.40
B3D_0417,CCCCCCN1CCN(CC1)c1ccc(cc1)I,C16H25IN2,372.29,19,6,0.62,6,1,0,99.45,6.48,n/d,4.84,3.23,3.80,4.26,4.03,-5.04,3.43e-03,9.22e-06,Moderately soluble,-4.71,7.26e-03,1.95e-05,Moderately soluble,-5.48,1.22e-03,3.28e-06,Moderately soluble,High,Yes,No,n/d,n/d,n/d,n/d,n/d,-5.13,0,0,0,0,0,0.55,0,1,2,2.46
B3D_0424,CC1CCCCC1C,C8H16,112.21,8,0,1.00,0,0,0,38.46,0.00,n/d,3.75,2.83,3.81,2.52,3.23,-2.90,1.42e-01,1.26e-03,Soluble,-3.44,4.05e-02,3.61e-04,Soluble,-1.80,1.78e+00,1.58e-02,Soluble,Low,Yes,No,n/d,n/d,n/d,n/d,n/d,-4.32,0,2,0,0,2,0.55,0,0,2,2.36
B3D_0431,CCc1cccc(c1)NC(=Nc1cccc(c1)CC)C,C18H22N2,266.38,20,12,0.28,5,1,1,88.83,24.39,n/d,4.53,4.78,4.67,5.03,4.75,-4.46,9.25e-03,3.47e-05,Moderately soluble,-4.76,4.58e-03,1.72e-05,Moderately soluble,-7.03,2.47e-05,9.29e-08,Poorly soluble,High,Yes,No,n/d,n/d,n/d,n/d,n/d,-4.71,1,0,0,0,0,0.55,0,2,1,2.96
B3D_0438,Fc1ccc(cc1)C(=O)CCN1CCC(CC1)(O)c1ccc(cc1)Br,C20H21BrFNO2,406.29,25,12,0.35,5,4,1,103.37,40.54,n/d,3.30,4.08,3.48,4.89,3.94,-4.46,1.40e-02,3.44e-05,Moderately soluble,-3.83,6.05e-02,1.49e-04,Soluble,-6.86,5.63e-05,1.39e-07,Poorly soluble,High,Yes,No,n/d,n/d,n/d,n/d,n/d,-6.44,0,0,0,0,0,0.55,0,0,1,2.31
FRI_0006,CN(CCOC(c1ccccc1)c1ccccc1)C,C17H21NO,255.35,19,12,0.29,6,2,0,79.10,12.47,n/d,3.27,3.03,3.16,3.46,3.23,-3.55,7.12e-02,2.79e-04,Soluble,-3.21,1.59e-01,6.22e-04,Soluble,-5.63,6.01e-04,2.36e-06,Moderately soluble,High,Yes,No,n/d,n/d,n/d,n/d,n/d,-5.54,0,0,0,0,0,0.55,0,0,0,2.12
FRI_0015,OC(COc1cccc2c1cc[nH]2)CNC(C)C,C14H20N2O2,248.32,18,9,0.43,6,3,3,72.79,57.28,n/d,1.75,1.91,0.91,1.80,1.59,-2.46,8.69e-01,3.50e-03,Soluble,-2.57,6.68e-01,2.69e-03,Soluble,-2.36,1.07e+00,4.33e-03,Soluble,High,Yes,Yes,n/d,n/d,n/d,n/d,n/d,-6.57,0,0,0,0,0,0.55,0,0,1,2.51
FRI_0025,OC[C@H]1O[C@H](C[C@@H]1N=[N+]=[N-])n1cc(C)c(=O)[nH]c1=O,C10H13N5O4,267.24,19,6,0.60,3,7,2,61.73,134.07,n/d,2.31,-0.52,-1.25,-5.19,-1.16,-2.99,2.75e-01,1.03e-03,Soluble,-4.76,4.60e-03,1.72e-05,Moderately soluble,-0.43,1.00e+02,3.74e-01,Soluble,High,No,No,n/d,n/d,n/d,n/d,n/d,-6.29,0,1,0,1,0,0.55,1,3,0,3.93
FRI_0034,O[C@@H]([C@@H](NC(=O)c1cccc(c1C)O)CSc1ccccc1)CN1C[C@H]2CCCC[C@H]2C[C@H]1C(=O)NC(C)(C)C,C32H45N3O4S,567.78,40,12,0.56,12,5,4,166.17,127.20,n/d,5.67,4.37,3.20,4.56,4.45,-6.36,2.47e-04,4.34e-07,Poorly soluble,-8.11,4.45e-06,7.83e-09,Poorly soluble,-7.26,3.11e-05,5.48e-08,Poorly soluble,Low,No,Yes,n/d,n/d,n/d,n/d,n/d,-5.74,1,3,1,0,1,0.55,0,0,3,5.58
FRI_0041,OC(=O)CC[C@@H](C(=O)O)NC(=O)c1ccc(cc1)N(Cc1cnc2c(n1)c(N)nc(n2)N)C,C20H22N8O5,454.44,33,16,0.25,10,9,5,118.40,210.54,n/d,-1.85,0.13,-0.73,-0.66,-0.78,-1.19,2.93e+01,6.44e-02,Very soluble,-2.05,4.02e+00,8.86e-03,Soluble,-3.99,4.67e-02,1.03e-04,Soluble,Low,No,No,n/d,n/d,n/d,n/d,n/d,-10.39,1,0,1,1,1,0.11,0,0,2,3.58
FRI_0036,O[C@@H]1[C@@H](O)[C@@H](O[C@@H]([C@H]1O)C(=O)O)Oc1ccc2c3c1O[C@@H]1[C@@]43CCN([C@H](C2)[C@@H]4C=C[C@@H]1O)C,C23H27NO9,461.46,33,6,0.61,3,10,5,115.00,149.15,n/d,-3.02,-1.62,-0.55,-1.30,-1.62,-0.74,8.49e+01,1.84e-01,Very soluble,0.45,1.30e+03,2.82e+00,Highly soluble,0.12,6.14e+02,1.33e+00,Soluble,Low,No,Yes,n/d,n/d,n/d,n/d,n/d,-11.26,0,1,1,1,1,0.55,0,1,1,6.10
FRI_0035,CO[C@@]1(NC(=O)C(c2ccc(cc2)O)C(=O)O)C(=O)N2[C@@H]1OCC(=C2C(=O)O)CSc1nnnn1C,C20H20N6O9S,520.47,36,11,0.35,10,12,4,121.25,231.60,n/d,-0.58,-1.51,0.27,-2.87,-1.17,-2.27,2.81e+00,5.40e-03,Soluble,-3.81,8.01e-02,1.54e-04,Soluble,-1.59,1.34e+01,2.58e-02,Soluble,Low,No,No,n/d,n/d,n/d,n/d,n/d,-9.89,2,2,1,1,2,0.11,0,2,2,5.15
FRI_0030,CO[C@H]1/C=C/O[C@@]2(C)Oc3c(C2=O)c2c(O)c(/C=N/N4CCN(CC4)C)c(c(c2c(c3C)O)O)NC(=O)/C(=C\C=C\[C@@H]([C@@H]([C@H]([C@H]([C@H]([C@@H]([C@@H]1C)OC(=O)C)C)O)C)O)C)/C,C43H58N4O12,822.94,59,10,0.53,5,14,6,234.22,220.15,n/d,5.46,3.00,0.14,2.07,2.67,-8.18,5.47e-06,6.65e-09,Poorly soluble,-9.84,1.19e-07,1.44e-10,Poorly soluble,-4.74,1.50e-02,1.83e-05,Moderately soluble,Low,No,Yes,n/d,n/d,n/d,n/d,n/d,-7.44,3,3,1,1,5,0.17,3,3,2,9.23
FRI_0026,NC(=O)C[C@@H](C(=O)N[C@H]([C@@H](CN1C[C@H]2CCCC[C@H]2C[C@H]1C(=O)NC(C)(C)C)O)Cc1ccccc1)NC(=O)c1ccc2c(n1)cccc2,C38H50N6O5,670.84,49,16,0.50,16,7,5,192.87,166.75,n/d,4.24,2.71,1.40,3.84,3.05,-5.86,9.34e-04,1.39e-06,Moderately soluble,-7.45,2.36e-05,3.53e-08,Poorly soluble,-8.54,1.91e-06,2.85e-09,Poorly soluble,Low,No,Yes,n/d,n/d,n/d,n/d,n/d,-7.38,2,3,2,1,3,0.17,0,0,3,5.94
FRI_0023,CN1CCN(CC1)c1c(F)cc2c3c1OC[C@@H](n3cc(c2=O)C(=O)O)C,C18H20FN3O4,361.37,26,10,0.44,2,6,1,101.83,75.01,n/d,0.73,1.20,0.98,-0.44,0.62,-2.69,7.33e-01,2.03e-03,Soluble,-1.88,4.72e+00,1.31e-02,Very soluble,-1.16,2.53e+01,7.00e-02,Soluble,High,No,Yes,n/d,n/d,n/d,n/d,n/d,-7.99,0,0,0,0,0,0.55,0,0,1,3.63
FRI_0019,C=CCOc1ccccc1OCC(CNC(C)C)O,C15H23NO3,265.35,19,6,0.47,9,4,2,76.56,50.72,n/d,2.10,1.99,1.64,2.73,2.12,-2.45,9.46e-01,3.57e-03,Soluble,-2.80,4.25e-01,1.60e-03,Soluble,-3.89,3.43e-02,1.29e-04,Soluble,High,Yes,No,n/d,n/d,n/d,n/d,n/d,-6.43,0,0,0,0,0,0.55,0,1,1,2.85
FRI_0016,CSc1ccc2c(c1)N(CCC1CCCCN1C)c1c(S2)cccc1,C21H26N2S2,370.57,25,12,0.43,4,1,0,118.01,57.08,n/d,5.90,5.12,5.03,4.56,5.15,-5.95,4.20e-04,1.13e-06,Moderately soluble,-6.87,4.97e-05,1.34e-07,Poorly soluble,-6.49,1.20e-04,3.25e-07,Poorly soluble,High,Yes,Yes,n/d,n/d,n/d,n/d,n/d,-4.37,1,0,0,0,1,0.55,0,0,2,4.06
FRI_0012,CN(CCC=C1c2ccccc2CCc2c1cccc2)C,C20H23N,277.40,21,12,0.30,3,1,0,90.96,3.24,n/d,5.04,4.17,4.31,4.86,4.60,-4.96,3.04e-03,1.10e-05,Moderately soluble,-4.85,3.93e-03,1.41e-05,Moderately soluble,-6.69,5.62e-05,2.03e-07,Poorly soluble,High,Yes,No,n/d,n/d,n/d,n/d,n/d,-4.41,1,0,0,0,2,0.55,1,0,1,3.40
FRI_0008,COc1ccc2c3c1O[C@@H]1[C@@]43CCN([C@H](C2)[C@@H]4C=C[C@@H]1O)C,C18H21NO3,299.36,22,6,0.56,1,4,1,86.74,41.93,n/d,1.14,1.12,1.98,1.86,1.52,-2.55,8.44e-01,2.82e-03,Soluble,-1.61,7.27e+00,2.43e-02,Very soluble,-2.76,5.15e-01,1.72e-03,Soluble,High,Yes,Yes,n/d,n/d,n/d,n/d,n/d,-7.32,0,0,0,0,0,0.55,0,1,0,4.89
FRI_0005,Clc1ccc2c(c1)C(=NCC(=O)N2C)c1ccccc1,C16H13ClN2O,284.74,20,12,0.12,1,2,0,87.95,32.67,n/d,2.99,2.39,2.67,4.12,3.04,-3.87,3.87e-02,1.36e-04,Soluble,-3.34,1.30e-01,4.57e-04,Soluble,-6.00,2.83e-04,9.95e-07,Poorly soluble,High,Yes,No,n/d,n/d,n/d,n/d,n/d,-5.91,0,0,0,0,0,0.55,0,0,0,3.00
FRI_0001,Clc1cccc(c1)C(=O)C(NC(C)(C)C)C,C13H18ClNO,239.74,16,6,0.46,4,2,1,68.52,29.10,n/d,3.22,3.30,2.85,3.35,3.18,-3.37,1.03e-01,4.28e-04,Soluble,-3.50,7.52e-02,3.14e-04,Soluble,-4.67,5.17e-03,2.16e-05,Moderately soluble,High,Yes,No,n/d,n/d,n/d,n/d,n/d,-5.48,0,0,0,0,0,0.55,0,0,1,2.11
B3D_0025,OC(=O)c1cc(N=Nc2ccc(cc2)S(=O)(=O)Nc2ccccn2)ccc1O,C18H14N4O5S,398.39,28,18,0.00,6,8,3,100.95,149.69,n/d,2.18,4.59,1.20,1.68,2.41,-3.76,6.87e-02,1.73e-04,Soluble,-4.96,4.40e-03,1.10e-05,Moderately soluble,-5.86,5.56e-04,1.40e-06,Moderately soluble,Low,No,No,n/d,n/d,n/d,n/d,n/d,-7.18,0,0,1,1,0,0.56,1,1,1,3.07
B3D_0001,COC1(NC(=O)C(c2ccc(cc2)O)C(=O)O)C(=O)N2C1OCC(=C2C(=O)O)CSc1nnnn1C,C20H20N6O9S,520.47,36,11,0.35,10,12,4,121.25,231.60,n/d,-0.58,-1.51,0.27,-2.87,-1.17,-2.27,2.81e+00,5.40e-03,Soluble,-3.81,8.01e-02,1.54e-04,Soluble,-1.59,1.34e+01,2.58e-02,Soluble,Low,No,No,n/d,n/d,n/d,n/d,n/d,-9.89,2,2,1,1,2,0.11,0,2,2,5.15
B3D_0026,Ic1cc(Cl)c2c(c1O)nccc2,C9H5ClINO,305.50,13,10,0.00,0,2,1,61.49,33.12,n/d,3.53,3.20,2.60,3.53,3.22,-4.53,9.07e-03,2.97e-05,Moderately soluble,-3.91,3.76e-02,1.23e-04,Soluble,-4.68,6.41e-03,2.10e-05,Moderately soluble,High,Yes,No,n/d,n/d,n/d,n/d,n/d,-5.66,0,1,0,0,0,0.55,0,1,1,1.94
B3D_0002,O[C@@H]1[C@@H](O)C(O[C@@H]([C@H]1O)C(=O)O)Oc1ccc2c3c1O[C@@H]1[C@@]43CCN([C@H](C2)[C@@H]4C=C[C@@H]1O)C,C23H27NO9,461.46,33,6,0.61,3,10,5,115.00,149.15,n/d,-3.02,-1.62,-0.55,-1.30,-1.62,-0.74,8.49e+01,1.84e-01,Very soluble,0.45,1.30e+03,2.82e+00,Highly soluble,0.12,6.14e+02,1.33e+00,Soluble,Low,No,Yes,n/d,n/d,n/d,n/d,n/d,-11.26,0,1,1,1,1,0.55,0,1,1,6.10
B3D_0441,CN(CCCN1c2ccccc2Sc2c1cc(cc2)C(F)(F)F)C,C18H19F3N2S,352.42,24,12,0.33,5,4,0,95.07,31.78,n/d,5.54,6.03,4.69,4.37,5.16,-5.56,9.81e-04,2.78e-06,Moderately soluble,-5.97,3.80e-04,1.08e-06,Moderately soluble,-6.53,1.05e-04,2.99e-07,Poorly soluble,High,No,No,n/d,n/d,n/d,n/d,n/d,-4.52,1,1,0,1,1,0.55,0,0,2,3.18
B3D_0443,OCCN1CCN(CC1)CCCN1c2ccccc2Sc2c1cc(cc2)C(F)(F)F,C22H26F3N3OS,437.52,30,12,0.45,7,6,1,124.07,55.25,n/d,4.36,4.32,3.84,4.05,4.14,-5.13,3.22e-03,7.35e-06,Moderately soluble,-5.24,2.54e-03,5.81e-06,Moderately soluble,-6.36,1.91e-04,4.38e-07,Poorly soluble,High,Yes,Yes,n/d,n/d,n/d,n/d,n/d,-5.87,0,0,0,0,0,0.55,0,0,2,3.58
B3D_0444,CNC1CCC(c2c1cccc2)c1ccc(c(c1)Cl)Cl,C17H17Cl2N,306.23,20,12,0.29,2,1,1,85.99,12.03,n/d,4.78,4.86,4.70,5.02,4.84,-5.06,2.65e-03,8.67e-06,Moderately soluble,-4.76,5.27e-03,1.72e-05,Moderately soluble,-7.22,1.85e-05,6.04e-08,Poorly soluble,High,Yes,No,n/d,n/d,n/d,n/d,n/d,-4.77,1,0,0,0,1,0.55,0,0,1,3.14
B3D_0445,FC(c1ccc(nc1Cl)N1CCNCC1)(F)F,C10H11ClF3N3,265.66,17,6,0.50,2,5,1,65.61,28.16,n/d,2.50,2.55,2.21,2.70,2.49,-3.19,1.71e-01,6.44e-04,Soluble,-2.74,4.87e-01,1.83e-03,Soluble,-4.03,2.50e-02,9.42e-05,Moderately soluble,High,Yes,No,n/d,n/d,n/d,n/d,n/d,-6.15,0,0,0,0,0,0.55,0,1,0,2.38
